match_number,stage,team,opponent,match_duration,shirt_number,player,total_distance_m,zone1_distance_m,zone2_distance_m,zone3_distance_m,zone4_distance_m,zone5_distance_m,high_speed_runs,sprints,top_speed_kmh,passes_attempted,passes_completed,pass_completion_pct,switches_of_play,crosses_attempted,crosses_completed,line_breaks_attempted,line_breaks_completed,line_break_completion_pct,ball_progressions,take_ons,step_ins,attempts_at_goal,goals,total_offers,offers_in_front,offers_in_between,offers_out_to_in,offers_in_to_out,offers_in_behind,offers_no_movement,offers_received,tackles_made,tackles_won,blocks,interceptions,pressures_direct,pressures_indirect,duels_won_aerial,duels_won_physical,possession_contests_won,clearances,loose_ball_receptions,pushing_on,pushing_on_into_pressing,possession_regains,possession_interrupted,player_lineup,position,started,minutes,source_url,minutes_source_url,minutes_note,high_intensity_distance_m
22,Group stage,England,Croatia,90,1,Jordan Pickford,6162.9,4179.8,1707.2,181.4,86.5,7.9,18.0,7.0,26.4,62.0,48.0,77.0,0.0,0.0,0.0,19.0,8.0,42.0,0.0,0.0,0.0,0.0,0.0,12.0,0.0,0.0,0.0,0.0,0.0,12.0,10.0,0,0,0.0,0.0,0.0,0.0,0.0,0.0,0.0,1.0,5.0,0.0,0.0,8.0,1.0,Jordan Pickford,GK,True,90.0,https://www.fifatrainingcentre.com/media/native/tournaments/fifa-world-cup/2026/PMSR-M22-ENG-V-CRO.pdf,https://www.fifatrainingcentre.com/media/native/tournaments/fifa-world-cup/2026/PMSR-M22-ENG-V-CRO.pdf,Paired substitution times on the FIFA PMSR team-summary page.,94.4
22,Group stage,England,Croatia,90,2,Ezri Konsa,10244.1,4275.4,4175.7,1382.3,375.2,35.4,119.0,34.0,27.6,70.0,66.0,94.0,0.0,0.0,0.0,16.0,13.0,81.0,1.0,0.0,1.0,2.0,0.0,15.0,2.0,1.0,0.0,0.0,1.0,11.0,7.0,1,1,1.0,2.0,2.0,1.0,1.0,0.0,1.0,1.0,4.0,5.0,2.0,7.0,2.0,Ezri Konsa,DF,True,90.0,https://www.fifatrainingcentre.com/media/native/tournaments/fifa-world-cup/2026/PMSR-M22-ENG-V-CRO.pdf,https://www.fifatrainingcentre.com/media/native/tournaments/fifa-world-cup/2026/PMSR-M22-ENG-V-CRO.pdf,Paired substitution times on the FIFA PMSR team-summary page.,410.59999999999997
22,Group stage,England,Croatia,90,3,Nico Oreilly,10885.2,4078.5,4589.2,1393.7,578.2,245.7,117.0,43.0,33.1,48.0,44.0,92.0,0.0,0.0,0.0,10.0,9.0,90.0,5.0,2.0,3.0,2.0,0.0,41.0,16.0,6.0,3.0,0.0,5.0,11.0,16.0,2,0,2.0,1.0,3.0,25.0,1.0,0.0,1.0,2.0,4.0,20.0,17.0,5.0,1.0,Nico Oreilly,DF,True,90.0,https://www.fifatrainingcentre.com/media/native/tournaments/fifa-world-cup/2026/PMSR-M22-ENG-V-CRO.pdf,https://www.fifatrainingcentre.com/media/native/tournaments/fifa-world-cup/2026/PMSR-M22-ENG-V-CRO.pdf,Paired substitution times on the FIFA PMSR team-summary page.,823.9000000000001
22,Group stage,England,Croatia,90,4,Declan Rice,8754.0,2891.4,3805.5,1339.7,534.0,183.4,108.0,41.0,28.9,37.0,33.0,89.0,0.0,9.0,4.0,7.0,5.0,71.0,1.0,1.0,0.0,1.0,0.0,25.0,11.0,6.0,0.0,2.0,3.0,3.0,11.0,0,0,1.0,1.0,1.0,15.0,0.0,0.0,0.0,0.0,2.0,27.0,13.0,2.0,0.0,Declan Rice,MF,True,72.0,https://www.fifatrainingcentre.com/media/native/tournaments/fifa-world-cup/2026/PMSR-M22-ENG-V-CRO.pdf,https://www.fifatrainingcentre.com/media/native/tournaments/fifa-world-cup/2026/PMSR-M22-ENG-V-CRO.pdf,Paired substitution times on the FIFA PMSR team-summary page.,717.4
22,Group stage,England,Croatia,90,5,John Stones,9455.6,3434.2,4062.7,1411.9,454.9,91.9,121.0,35.0,27.5,64.0,60.0,94.0,0.0,0.0,0.0,11.0,10.0,91.0,1.0,0.0,1.0,0.0,0.0,4.0,2.0,0.0,0.0,0.0,0.0,2.0,3.0,2,1,3.0,0.0,1.0,4.0,3.0,0.0,3.0,0.0,2.0,15.0,1.0,4.0,3.0,John Stones,DF,True,87.0,https://www.fifatrainingcentre.com/media/native/tournaments/fifa-world-cup/2026/PMSR-M22-ENG-V-CRO.pdf,https://www.fifatrainingcentre.com/media/native/tournaments/fifa-world-cup/2026/PMSR-M22-ENG-V-CRO.pdf,Paired substitution times on the FIFA PMSR team-summary page.,546.8
22,Group stage,England,Croatia,90,6,Marc Guehi,1167.5,306.4,671.0,144.2,34.8,11.0,12.0,2.0,26.2,7.0,7.0,100.0,0.0,0.0,0.0,5.0,5.0,100.0,0.0,0.0,0.0,0.0,0.0,0.0,0.0,0.0,0.0,0.0,0.0,0.0,0.0,0,0,1.0,0.0,0.0,0.0,0.0,0.0,0.0,0.0,1.0,1.0,0.0,2.0,0.0,Marc Guehi,DF,False,3.0,https://www.fifatrainingcentre.com/media/native/tournaments/fifa-world-cup/2026/PMSR-M22-ENG-V-CRO.pdf,https://www.fifatrainingcentre.com/media/native/tournaments/fifa-world-cup/2026/PMSR-M22-ENG-V-CRO.pdf,Paired substitution times on the FIFA PMSR team-summary page.,45.8
22,Group stage,England,Croatia,90,7,Bukayo Saka,3035.5,961.3,1236.5,442.4,244.2,151.1,41.0,18.0,32.0,6.0,5.0,83.0,0.0,0.0,0.0,3.0,2.0,67.0,5.0,4.0,1.0,0.0,0.0,5.0,0.0,0.0,0.0,0.0,4.0,1.0,2.0,0,0,2.0,0.0,0.0,4.0,0.0,0.0,0.0,1.0,1.0,3.0,0.0,1.0,2.0,Bukayo Saka,FW,False,18.0,https://www.fifatrainingcentre.com/media/native/tournaments/fifa-world-cup/2026/PMSR-M22-ENG-V-CRO.pdf,https://www.fifatrainingcentre.com/media/native/tournaments/fifa-world-cup/2026/PMSR-M22-ENG-V-CRO.pdf,Paired substitution times on the FIFA PMSR team-summary page.,395.29999999999995
22,Group stage,England,Croatia,90,8,Elliot Anderson,12044.1,3501.4,5420.1,2256.3,708.5,157.8,187.0,54.0,29.1,52.0,47.0,90.0,0.0,1.0,1.0,9.0,6.0,67.0,1.0,0.0,1.0,1.0,0.0,86.0,39.0,11.0,2.0,3.0,5.0,26.0,32.0,6,3,1.0,1.0,12.0,22.0,3.0,0.0,4.0,4.0,7.0,36.0,15.0,8.0,2.0,Elliot Anderson,MF,True,90.0,https://www.fifatrainingcentre.com/media/native/tournaments/fifa-world-cup/2026/PMSR-M22-ENG-V-CRO.pdf,https://www.fifatrainingcentre.com/media/native/tournaments/fifa-world-cup/2026/PMSR-M22-ENG-V-CRO.pdf,Paired substitution times on the FIFA PMSR team-summary page.,866.3
22,Group stage,England,Croatia,90,9,Harry Kane,11480.1,3950.1,4938.6,1762.7,712.1,116.6,150.0,44.0,28.0,20.0,14.0,70.0,0.0,0.0,0.0,8.0,5.0,62.0,1.0,1.0,0.0,7.0,2.0,15.0,4.0,5.0,1.0,0.0,4.0,1.0,4.0,1,0,2.0,0.0,4.0,42.0,3.0,0.0,3.0,1.0,6.0,31.0,28.0,0.0,1.0,Harry Kane,FW,True,90.0,https://www.fifatrainingcentre.com/media/native/tournaments/fifa-world-cup/2026/PMSR-M22-ENG-V-CRO.pdf,https://www.fifatrainingcentre.com/media/native/tournaments/fifa-world-cup/2026/PMSR-M22-ENG-V-CRO.pdf,Paired substitution times on the FIFA PMSR team-summary page.,828.7
22,Group stage,England,Croatia,90,10,Jude Bellingham,9139.2,3595.9,2914.4,1534.2,766.0,328.6,126.0,58.0,32.0,22.0,18.0,82.0,0.0,1.0,0.0,7.0,4.0,57.0,3.0,3.0,0.0,3.0,1.0,36.0,4.0,19.0,0.0,3.0,8.0,2.0,5.0,3,0,1.0,0.0,1.0,16.0,1.0,0.0,3.0,1.0,3.0,21.0,6.0,4.0,1.0,Jude Bellingham,MF,True,80.0,https://www.fifatrainingcentre.com/media/native/tournaments/fifa-world-cup/2026/PMSR-M22-ENG-V-CRO.pdf,https://www.fifatrainingcentre.com/media/native/tournaments/fifa-world-cup/2026/PMSR-M22-ENG-V-CRO.pdf,Paired substitution times on the FIFA PMSR team-summary page.,1094.6
22,Group stage,England,Croatia,90,11,Marcus Rashford,3064.2,865.2,1362.1,466.2,207.2,163.6,49.0,19.0,32.5,5.0,3.0,60.0,0.0,0.0,0.0,2.0,0.0,0.0,2.0,2.0,0.0,1.0,1.0,14.0,0.0,0.0,0.0,0.0,10.0,4.0,5.0,0,0,1.0,0.0,0.0,5.0,0.0,0.0,0.0,0.0,1.0,5.0,2.0,0.0,0.0,Marcus Rashford,FW,False,18.0,https://www.fifatrainingcentre.com/media/native/tournaments/fifa-world-cup/2026/PMSR-M22-ENG-V-CRO.pdf,https://www.fifatrainingcentre.com/media/native/tournaments/fifa-world-cup/2026/PMSR-M22-ENG-V-CRO.pdf,Paired substitution times on the FIFA PMSR team-summary page.,370.79999999999995
22,Group stage,England,Croatia,90,17,Morgan Rogers,3331.6,825.4,1585.2,643.2,177.2,100.6,43.0,14.0,30.7,7.0,5.0,71.0,0.0,0.0,0.0,2.0,2.0,100.0,1.0,0.0,1.0,0.0,0.0,8.0,0.0,5.0,1.0,0.0,2.0,0.0,1.0,2,1,0.0,0.0,2.0,13.0,3.0,0.0,3.0,1.0,1.0,10.0,3.0,1.0,0.0,Morgan Rogers,MF,False,18.0,https://www.fifatrainingcentre.com/media/native/tournaments/fifa-world-cup/2026/PMSR-M22-ENG-V-CRO.pdf,https://www.fifatrainingcentre.com/media/native/tournaments/fifa-world-cup/2026/PMSR-M22-ENG-V-CRO.pdf,Paired substitution times on the FIFA PMSR team-summary page.,277.79999999999995
22,Group stage,England,Croatia,90,18,Anthony Gordon,8110.1,3229.1,2588.9,1156.5,701.6,434.1,103.0,58.0,31.2,12.0,10.0,83.0,0.0,0.0,0.0,1.0,1.0,100.0,2.0,2.0,0.0,2.0,0.0,45.0,1.0,7.0,5.0,0.0,20.0,12.0,8.0,0,0,1.0,0.0,3.0,36.0,0.0,0.0,0.0,0.0,1.0,34.0,26.0,0.0,0.0,Anthony Gordon,FW,True,72.0,https://www.fifatrainingcentre.com/media/native/tournaments/fifa-world-cup/2026/PMSR-M22-ENG-V-CRO.pdf,https://www.fifatrainingcentre.com/media/native/tournaments/fifa-world-cup/2026/PMSR-M22-ENG-V-CRO.pdf,Paired substitution times on the FIFA PMSR team-summary page.,1135.7
22,Group stage,England,Croatia,90,20,Noni Madueke,7673.9,3265.2,2496.5,1147.6,404.4,360.2,96.0,35.0,34.1,17.0,16.0,94.0,0.0,2.0,2.0,5.0,5.0,100.0,0.0,0.0,0.0,1.0,0.0,36.0,3.0,2.0,3.0,1.0,19.0,8.0,8.0,0,0,2.0,1.0,3.0,21.0,0.0,0.0,0.0,0.0,5.0,16.0,7.0,1.0,1.0,Noni Madueke,FW,True,72.0,https://www.fifatrainingcentre.com/media/native/tournaments/fifa-world-cup/2026/PMSR-M22-ENG-V-CRO.pdf,https://www.fifatrainingcentre.com/media/native/tournaments/fifa-world-cup/2026/PMSR-M22-ENG-V-CRO.pdf,Paired substitution times on the FIFA PMSR team-summary page.,764.5999999999999
22,Group stage,England,Croatia,90,24,Reece James,10452.6,4080.7,4285.4,1423.0,482.5,180.9,119.0,38.0,31.2,45.0,39.0,87.0,1.0,2.0,1.0,9.0,5.0,56.0,0.0,0.0,0.0,1.0,0.0,52.0,16.0,15.0,0.0,1.0,7.0,13.0,18.0,2,0,4.0,0.0,6.0,11.0,2.0,0.0,2.0,3.0,5.0,39.0,13.0,6.0,4.0,Reece James,DF,True,90.0,https://www.fifatrainingcentre.com/media/native/tournaments/fifa-world-cup/2026/PMSR-M22-ENG-V-CRO.pdf,https://www.fifatrainingcentre.com/media/native/tournaments/fifa-world-cup/2026/PMSR-M22-ENG-V-CRO.pdf,Paired substitution times on the FIFA PMSR team-summary page.,663.4
22,Group stage,England,Croatia,90,25,Djed Spence,1981.8,758.6,750.9,209.4,136.6,126.2,16.0,10.0,35.2,8.0,6.0,75.0,0.0,0.0,0.0,2.0,2.0,100.0,0.0,0.0,0.0,1.0,0.0,5.0,0.0,0.0,0.0,0.0,3.0,2.0,2.0,1,0,0.0,0.0,0.0,9.0,0.0,0.0,0.0,0.0,1.0,6.0,4.0,0.0,0.0,Djed Spence,DF,False,10.0,https://www.fifatrainingcentre.com/media/native/tournaments/fifa-world-cup/2026/PMSR-M22-ENG-V-CRO.pdf,https://www.fifatrainingcentre.com/media/native/tournaments/fifa-world-cup/2026/PMSR-M22-ENG-V-CRO.pdf,Paired substitution times on the FIFA PMSR team-summary page.,262.8
45,Group stage,England,Ghana,90,1,Jordan Pickford,5818.0,3871.7,1602.0,279.0,53.2,12.2,29.0,5.0,26.6,24.0,22.0,92.0,2.0,0.0,0.0,6.0,4.0,67.0,0.0,0.0,0.0,0.0,0.0,8.0,0.0,0.0,0.0,0.0,0.0,8.0,3.0,0,0,0.0,0.0,0.0,0.0,0.0,0.0,0.0,0.0,6.0,0.0,0.0,3.0,0.0,Jordan Pickford,GK,True,90.0,https://www.fifatrainingcentre.com/media/native/tournaments/fifa-world-cup/2026/PMSR-M45-ENG-V-GHA.pdf,https://www.fifatrainingcentre.com/media/native/tournaments/fifa-world-cup/2026/PMSR-M45-ENG-V-GHA.pdf,Paired substitution times on the FIFA PMSR team-summary page.,65.4
45,Group stage,England,Ghana,90,2,Ezri Konsa,9462.7,4429.1,3678.3,944.8,275.0,135.4,80.0,22.0,32.5,120.0,116.0,97.0,1.0,0.0,0.0,25.0,23.0,92.0,2.0,0.0,2.0,0.0,0.0,21.0,2.0,0.0,0.0,0.0,0.0,19.0,18.0,3,1,0.0,3.0,5.0,0.0,0.0,0.0,0.0,1.0,3.0,3.0,1.0,5.0,2.0,Ezri Konsa,DF,True,90.0,https://www.fifatrainingcentre.com/media/native/tournaments/fifa-world-cup/2026/PMSR-M45-ENG-V-GHA.pdf,https://www.fifatrainingcentre.com/media/native/tournaments/fifa-world-cup/2026/PMSR-M45-ENG-V-GHA.pdf,Paired substitution times on the FIFA PMSR team-summary page.,410.4
45,Group stage,England,Ghana,90,3,Nico Oreilly,3206.2,1135.0,1328.8,459.8,194.1,88.4,37.0,16.0,32.8,12.0,11.0,92.0,0.0,0.0,0.0,1.0,1.0,100.0,1.0,1.0,0.0,2.0,0.0,14.0,6.0,1.0,0.0,1.0,5.0,1.0,4.0,1,1,0.0,0.0,1.0,2.0,4.0,0.0,4.0,0.0,1.0,0.0,0.0,2.0,0.0,Nico Oreilly,DF,False,24.0,https://www.fifatrainingcentre.com/media/native/tournaments/fifa-world-cup/2026/PMSR-M45-ENG-V-GHA.pdf,https://www.fifatrainingcentre.com/media/native/tournaments/fifa-world-cup/2026/PMSR-M45-ENG-V-GHA.pdf,Paired substitution times on the FIFA PMSR team-summary page.,282.5
45,Group stage,England,Ghana,90,4,Declan Rice,11072.3,3813.6,4827.6,1491.4,635.0,304.6,136.0,45.0,32.3,48.0,42.0,88.0,1.0,11.0,3.0,13.0,8.0,62.0,1.0,1.0,0.0,3.0,0.0,33.0,9.0,6.0,1.0,1.0,13.0,3.0,13.0,0,0,0.0,1.0,3.0,2.0,1.0,0.0,2.0,0.0,8.0,4.0,0.0,1.0,0.0,Declan Rice,MF,True,90.0,https://www.fifatrainingcentre.com/media/native/tournaments/fifa-world-cup/2026/PMSR-M45-ENG-V-GHA.pdf,https://www.fifatrainingcentre.com/media/native/tournaments/fifa-world-cup/2026/PMSR-M45-ENG-V-GHA.pdf,Paired substitution times on the FIFA PMSR team-summary page.,939.6
45,Group stage,England,Ghana,90,6,Marc Guehi,9902.0,3535.9,4794.8,1065.7,341.2,164.3,100.0,27.0,32.6,128.0,126.0,98.0,1.0,0.0,0.0,16.0,14.0,88.0,5.0,0.0,5.0,1.0,0.0,9.0,3.0,0.0,0.0,0.0,1.0,5.0,7.0,0,0,1.0,0.0,0.0,0.0,6.0,0.0,6.0,2.0,4.0,0.0,0.0,10.0,1.0,Marc Guehi,DF,True,90.0,https://www.fifatrainingcentre.com/media/native/tournaments/fifa-world-cup/2026/PMSR-M45-ENG-V-GHA.pdf,https://www.fifatrainingcentre.com/media/native/tournaments/fifa-world-cup/2026/PMSR-M45-ENG-V-GHA.pdf,Paired substitution times on the FIFA PMSR team-summary page.,505.5
45,Group stage,England,Ghana,90,7,Bukayo Saka,2981.2,1275.4,1154.3,410.9,104.3,36.2,34.0,9.0,30.0,8.0,8.0,100.0,0.0,1.0,0.0,1.0,0.0,0.0,1.0,1.0,0.0,2.0,0.0,14.0,3.0,0.0,1.0,1.0,5.0,4.0,7.0,0,0,0.0,0.0,0.0,1.0,0.0,0.0,0.0,0.0,0.0,0.0,0.0,1.0,0.0,Bukayo Saka,FW,False,25.0,https://www.fifatrainingcentre.com/media/native/tournaments/fifa-world-cup/2026/PMSR-M45-ENG-V-GHA.pdf,https://www.fifatrainingcentre.com/media/native/tournaments/fifa-world-cup/2026/PMSR-M45-ENG-V-GHA.pdf,Paired substitution times on the FIFA PMSR team-summary page.,140.5
45,Group stage,England,Ghana,90,8,Elliot Anderson,8970.2,2749.9,4111.5,1512.7,492.2,103.9,128.0,38.0,28.6,76.0,67.0,88.0,0.0,0.0,0.0,19.0,13.0,68.0,1.0,1.0,0.0,4.0,0.0,54.0,27.0,8.0,0.0,1.0,0.0,18.0,26.0,4,1,1.0,1.0,9.0,3.0,4.0,0.0,4.0,0.0,5.0,13.0,1.0,5.0,0.0,Elliot Anderson,MF,True,74.0,https://www.fifatrainingcentre.com/media/native/tournaments/fifa-world-cup/2026/PMSR-M45-ENG-V-GHA.pdf,https://www.fifatrainingcentre.com/media/native/tournaments/fifa-world-cup/2026/PMSR-M45-ENG-V-GHA.pdf,Paired substitution times on the FIFA PMSR team-summary page.,596.1
45,Group stage,England,Ghana,90,9,Harry Kane,10295.0,4507.4,4098.5,1045.8,511.0,132.3,101.0,33.0,30.8,10.0,8.0,80.0,1.0,0.0,0.0,3.0,1.0,33.0,0.0,0.0,0.0,3.0,0.0,14.0,7.0,6.0,0.0,0.0,0.0,1.0,4.0,0,0,0.0,0.0,5.0,17.0,2.0,0.0,2.0,0.0,1.0,11.0,6.0,0.0,0.0,Harry Kane,FW,True,90.0,https://www.fifatrainingcentre.com/media/native/tournaments/fifa-world-cup/2026/PMSR-M45-ENG-V-GHA.pdf,https://www.fifatrainingcentre.com/media/native/tournaments/fifa-world-cup/2026/PMSR-M45-ENG-V-GHA.pdf,Paired substitution times on the FIFA PMSR team-summary page.,643.3
45,Group stage,England,Ghana,90,10,Jude Bellingham,8089.1,3290.5,2726.0,1173.8,644.2,254.7,92.0,51.0,30.8,30.0,27.0,90.0,0.0,1.0,0.0,4.0,2.0,50.0,1.0,1.0,0.0,1.0,0.0,83.0,27.0,35.0,0.0,2.0,18.0,1.0,25.0,3,2,0.0,0.0,3.0,17.0,0.0,0.0,0.0,0.0,4.0,16.0,5.0,2.0,1.0,Jude Bellingham,MF,True,74.0,https://www.fifatrainingcentre.com/media/native/tournaments/fifa-world-cup/2026/PMSR-M45-ENG-V-GHA.pdf,https://www.fifatrainingcentre.com/media/native/tournaments/fifa-world-cup/2026/PMSR-M45-ENG-V-GHA.pdf,Paired substitution times on the FIFA PMSR team-summary page.,898.9000000000001
45,Group stage,England,Ghana,90,11,Marcus Rashford,1492.5,595.4,574.1,177.6,95.4,50.0,16.0,10.0,29.2,7.0,6.0,86.0,1.0,4.0,1.0,5.0,3.0,60.0,0.0,0.0,0.0,0.0,0.0,11.0,3.0,0.0,0.0,0.0,6.0,2.0,6.0,1,0,0.0,0.0,0.0,1.0,0.0,0.0,0.0,0.0,0.0,0.0,0.0,0.0,0.0,Marcus Rashford,FW,False,7.0,https://www.fifatrainingcentre.com/media/native/tournaments/fifa-world-cup/2026/PMSR-M45-ENG-V-GHA.pdf,https://www.fifatrainingcentre.com/media/native/tournaments/fifa-world-cup/2026/PMSR-M45-ENG-V-GHA.pdf,Paired substitution times on the FIFA PMSR team-summary page.,145.4
45,Group stage,England,Ghana,90,17,Morgan Rogers,2685.4,954.5,1207.4,376.9,111.1,35.5,32.0,10.0,26.6,7.0,4.0,57.0,0.0,1.0,0.0,3.0,2.0,67.0,2.0,0.0,2.0,0.0,0.0,19.0,2.0,7.0,1.0,1.0,6.0,2.0,5.0,0,0,0.0,0.0,0.0,1.0,0.0,0.0,0.0,0.0,1.0,1.0,1.0,0.0,0.0,Morgan Rogers,MF,False,16.0,https://www.fifatrainingcentre.com/media/native/tournaments/fifa-world-cup/2026/PMSR-M45-ENG-V-GHA.pdf,https://www.fifatrainingcentre.com/media/native/tournaments/fifa-world-cup/2026/PMSR-M45-ENG-V-GHA.pdf,Paired substitution times on the FIFA PMSR team-summary page.,146.6
45,Group stage,England,Ghana,90,18,Anthony Gordon,7039.2,3359.8,2287.5,799.6,314.9,277.5,56.0,37.0,33.2,24.0,22.0,92.0,0.0,2.0,0.0,7.0,5.0,71.0,7.0,7.0,0.0,1.0,0.0,44.0,18.0,4.0,1.0,0.0,12.0,9.0,18.0,2,0,1.0,0.0,2.0,3.0,0.0,0.0,0.0,0.0,3.0,3.0,2.0,0.0,2.0,Anthony Gordon,FW,True,65.0,https://www.fifatrainingcentre.com/media/native/tournaments/fifa-world-cup/2026/PMSR-M45-ENG-V-GHA.pdf,https://www.fifatrainingcentre.com/media/native/tournaments/fifa-world-cup/2026/PMSR-M45-ENG-V-GHA.pdf,Paired substitution times on the FIFA PMSR team-summary page.,592.4
45,Group stage,England,Ghana,90,20,Noni Madueke,8184.4,3629.4,3016.2,1011.2,334.1,193.4,95.0,30.0,33.3,29.0,23.0,79.0,0.0,5.0,2.0,8.0,5.0,62.0,7.0,6.0,1.0,2.0,0.0,60.0,8.0,3.0,4.0,2.0,22.0,21.0,18.0,1,0,0.0,0.0,4.0,8.0,0.0,0.0,0.0,0.0,4.0,7.0,5.0,0.0,0.0,Noni Madueke,FW,True,83.0,https://www.fifatrainingcentre.com/media/native/tournaments/fifa-world-cup/2026/PMSR-M45-ENG-V-GHA.pdf,https://www.fifatrainingcentre.com/media/native/tournaments/fifa-world-cup/2026/PMSR-M45-ENG-V-GHA.pdf,Paired substitution times on the FIFA PMSR team-summary page.,527.5
45,Group stage,England,Ghana,90,21,Eberechi Eze,2270.2,892.2,1018.0,205.5,146.4,8.1,19.0,9.0,26.7,10.0,7.0,70.0,0.0,1.0,1.0,0.0,0.0,0.0,1.0,1.0,0.0,0.0,0.0,8.0,3.0,1.0,0.0,0.0,3.0,1.0,5.0,0,0,0.0,0.0,0.0,1.0,0.0,0.0,0.0,0.0,3.0,0.0,0.0,0.0,0.0,Eberechi Eze,MF,False,16.0,https://www.fifatrainingcentre.com/media/native/tournaments/fifa-world-cup/2026/PMSR-M45-ENG-V-GHA.pdf,https://www.fifatrainingcentre.com/media/native/tournaments/fifa-world-cup/2026/PMSR-M45-ENG-V-GHA.pdf,Paired substitution times on the FIFA PMSR team-summary page.,154.5
45,Group stage,England,Ghana,90,24,Reece James,9651.1,4274.5,3797.3,861.8,469.3,248.2,68.0,41.0,33.6,73.0,71.0,97.0,1.0,5.0,1.0,15.0,11.0,73.0,1.0,1.0,0.0,0.0,0.0,52.0,21.0,1.0,1.0,2.0,13.0,14.0,23.0,3,0,1.0,1.0,6.0,3.0,2.0,2.0,4.0,2.0,12.0,7.0,2.0,2.0,4.0,Reece James,DF,True,90.0,https://www.fifatrainingcentre.com/media/native/tournaments/fifa-world-cup/2026/PMSR-M45-ENG-V-GHA.pdf,https://www.fifatrainingcentre.com/media/native/tournaments/fifa-world-cup/2026/PMSR-M45-ENG-V-GHA.pdf,Paired substitution times on the FIFA PMSR team-summary page.,717.5
45,Group stage,England,Ghana,90,25,Djed Spence,7157.3,2963.4,2687.2,801.3,413.2,292.2,71.0,36.0,34.0,46.0,45.0,98.0,0.0,1.0,0.0,14.0,14.0,100.0,1.0,0.0,1.0,0.0,0.0,45.0,15.0,4.0,0.0,0.0,11.0,15.0,19.0,1,1,2.0,0.0,1.0,7.0,0.0,0.0,0.0,2.0,2.0,3.0,2.0,2.0,2.0,Djed Spence,DF,True,66.0,https://www.fifatrainingcentre.com/media/native/tournaments/fifa-world-cup/2026/PMSR-M45-ENG-V-GHA.pdf,https://www.fifatrainingcentre.com/media/native/tournaments/fifa-world-cup/2026/PMSR-M45-ENG-V-GHA.pdf,Paired substitution times on the FIFA PMSR team-summary page.,705.4
67,Group stage,England,Panama,90,1,Jordan Pickford,5852.4,4024.3,1674.1,145.7,8.4,0.0,18.0,0.0,21.3,31.0,24.0,77.0,0.0,0.0,0.0,12.0,6.0,50.0,0.0,0.0,0.0,0.0,0.0,12.0,0.0,0.0,0.0,0.0,0.0,12.0,5.0,0,0,0.0,0.0,0.0,0.0,0.0,0.0,0.0,2.0,5.0,0.0,0.0,2.0,1.0,Jordan Pickford,GK,True,90.0,https://www.fifatrainingcentre.com/media/native/tournaments/fifa-world-cup/2026/PMSR-M67-PAN-V-ENG.pdf,https://www.fifatrainingcentre.com/media/native/tournaments/fifa-world-cup/2026/PMSR-M67-PAN-V-ENG.pdf,Paired substitution times on the FIFA PMSR team-summary page.,8.4
67,Group stage,England,Panama,90,2,Ezri Konsa,10105.5,4403.8,3672.1,1278.2,498.0,253.4,107.0,36.0,32.2,72.0,71.0,99.0,1.0,0.0,0.0,6.0,6.0,100.0,0.0,0.0,0.0,0.0,0.0,40.0,2.0,1.0,0.0,0.0,0.0,37.0,20.0,1,1,3.0,1.0,4.0,4.0,4.0,2.0,6.0,3.0,5.0,15.0,5.0,8.0,2.0,Ezri Konsa,DF,True,90.0,https://www.fifatrainingcentre.com/media/native/tournaments/fifa-world-cup/2026/PMSR-M67-PAN-V-ENG.pdf,https://www.fifatrainingcentre.com/media/native/tournaments/fifa-world-cup/2026/PMSR-M67-PAN-V-ENG.pdf,Paired substitution times on the FIFA PMSR team-summary page.,751.4
67,Group stage,England,Panama,90,3,Nico Oreilly,11136.0,4195.3,4265.6,1528.5,827.7,318.8,135.0,66.0,32.9,55.0,49.0,89.0,0.0,1.0,1.0,14.0,13.0,93.0,1.0,1.0,0.0,1.0,0.0,58.0,26.0,6.0,3.0,0.0,13.0,10.0,24.0,6,1,2.0,0.0,8.0,19.0,2.0,0.0,2.0,4.0,9.0,27.0,18.0,4.0,1.0,Nico Oreilly,DF,True,90.0,https://www.fifatrainingcentre.com/media/native/tournaments/fifa-world-cup/2026/PMSR-M67-PAN-V-ENG.pdf,https://www.fifatrainingcentre.com/media/native/tournaments/fifa-world-cup/2026/PMSR-M67-PAN-V-ENG.pdf,Paired substitution times on the FIFA PMSR team-summary page.,1146.5
67,Group stage,England,Panama,90,6,Marc Guehi,10384.8,3748.5,4367.9,1416.0,667.6,184.7,133.0,47.0,32.9,79.0,77.0,97.0,1.0,0.0,0.0,10.0,10.0,100.0,1.0,0.0,1.0,0.0,0.0,28.0,6.0,0.0,0.0,0.0,0.0,22.0,14.0,0,0,5.0,3.0,1.0,8.0,2.0,0.0,2.0,3.0,7.0,16.0,1.0,8.0,3.0,Marc Guehi,DF,True,90.0,https://www.fifatrainingcentre.com/media/native/tournaments/fifa-world-cup/2026/PMSR-M67-PAN-V-ENG.pdf,https://www.fifatrainingcentre.com/media/native/tournaments/fifa-world-cup/2026/PMSR-M67-PAN-V-ENG.pdf,Paired substitution times on the FIFA PMSR team-summary page.,852.3
67,Group stage,England,Panama,90,7,Bukayo Saka,7009.1,2678.0,2609.0,1027.2,447.4,247.5,90.0,38.0,31.5,25.0,20.0,80.0,0.0,8.0,1.0,6.0,4.0,67.0,4.0,4.0,0.0,3.0,0.0,22.0,4.0,2.0,0.0,0.0,14.0,2.0,9.0,2,1,2.0,0.0,2.0,8.0,0.0,0.0,0.0,0.0,5.0,8.0,5.0,2.0,1.0,Bukayo Saka,FW,True,63.0,https://www.fifatrainingcentre.com/media/native/tournaments/fifa-world-cup/2026/PMSR-M67-PAN-V-ENG.pdf,https://www.fifatrainingcentre.com/media/native/tournaments/fifa-world-cup/2026/PMSR-M67-PAN-V-ENG.pdf,Paired substitution times on the FIFA PMSR team-summary page.,694.9
67,Group stage,England,Panama,90,8,Elliot Anderson,10183.8,3105.1,4618.8,1726.2,610.5,123.2,142.0,43.0,29.9,71.0,65.0,92.0,2.0,3.0,0.0,24.0,20.0,83.0,1.0,1.0,0.0,1.0,0.0,42.0,24.0,1.0,0.0,1.0,0.0,16.0,21.0,4,1,3.0,1.0,7.0,21.0,2.0,0.0,3.0,2.0,11.0,35.0,12.0,5.0,4.0,Elliot Anderson,MF,True,84.0,https://www.fifatrainingcentre.com/media/native/tournaments/fifa-world-cup/2026/PMSR-M67-PAN-V-ENG.pdf,https://www.fifatrainingcentre.com/media/native/tournaments/fifa-world-cup/2026/PMSR-M67-PAN-V-ENG.pdf,Paired substitution times on the FIFA PMSR team-summary page.,733.7
67,Group stage,England,Panama,90,9,Harry Kane,10175.7,3410.9,4239.3,1517.0,767.8,240.7,128.0,49.0,29.1,18.0,14.0,78.0,0.0,1.0,0.0,7.0,6.0,86.0,1.0,1.0,0.0,3.0,1.0,19.0,6.0,8.0,0.0,0.0,3.0,2.0,8.0,0,0,1.0,0.0,1.0,42.0,1.0,0.0,1.0,0.0,1.0,17.0,14.0,1.0,1.0,Harry Kane,FW,True,84.0,https://www.fifatrainingcentre.com/media/native/tournaments/fifa-world-cup/2026/PMSR-M67-PAN-V-ENG.pdf,https://www.fifatrainingcentre.com/media/native/tournaments/fifa-world-cup/2026/PMSR-M67-PAN-V-ENG.pdf,Paired substitution times on the FIFA PMSR team-summary page.,1008.5
67,Group stage,England,Panama,90,10,Jude Bellingham,7884.7,3161.2,2469.5,1343.8,689.1,221.2,98.0,51.0,31.5,40.0,34.0,85.0,2.0,3.0,1.0,13.0,10.0,77.0,5.0,4.0,1.0,2.0,1.0,79.0,23.0,30.0,1.0,0.0,21.0,4.0,22.0,4,2,2.0,1.0,6.0,8.0,1.0,0.0,2.0,0.0,5.0,11.0,2.0,3.0,0.0,Jude Bellingham,MF,True,71.0,https://www.fifatrainingcentre.com/media/native/tournaments/fifa-world-cup/2026/PMSR-M67-PAN-V-ENG.pdf,https://www.fifatrainingcentre.com/media/native/tournaments/fifa-world-cup/2026/PMSR-M67-PAN-V-ENG.pdf,Paired substitution times on the FIFA PMSR team-summary page.,910.3
67,Group stage,England,Panama,90,11,Marcus Rashford,10719.3,3982.4,4436.4,1202.4,628.1,470.1,99.0,55.0,33.5,42.0,35.0,83.0,0.0,7.0,1.0,17.0,10.0,59.0,6.0,5.0,1.0,5.0,0.0,39.0,8.0,2.0,1.0,0.0,21.0,7.0,18.0,1,0,0.0,0.0,1.0,18.0,0.0,0.0,0.0,0.0,2.0,9.0,5.0,0.0,0.0,Marcus Rashford,FW,True,90.0,https://www.fifatrainingcentre.com/media/native/tournaments/fifa-world-cup/2026/PMSR-M67-PAN-V-ENG.pdf,https://www.fifatrainingcentre.com/media/native/tournaments/fifa-world-cup/2026/PMSR-M67-PAN-V-ENG.pdf,Paired substitution times on the FIFA PMSR team-summary page.,1098.2
67,Group stage,England,Panama,90,14,Jordan Henderson,1790.7,396.4,693.3,579.4,108.2,13.4,35.0,6.0,28.3,13.0,12.0,92.0,0.0,1.0,0.0,3.0,3.0,100.0,0.0,0.0,0.0,0.0,0.0,22.0,12.0,1.0,0.0,0.0,1.0,8.0,10.0,1,1,0.0,0.0,0.0,4.0,1.0,0.0,1.0,1.0,1.0,5.0,0.0,1.0,0.0,Jordan Henderson,MF,False,6.0,https://www.fifatrainingcentre.com/media/native/tournaments/fifa-world-cup/2026/PMSR-M67-PAN-V-ENG.pdf,https://www.fifatrainingcentre.com/media/native/tournaments/fifa-world-cup/2026/PMSR-M67-PAN-V-ENG.pdf,Paired substitution times on the FIFA PMSR team-summary page.,121.60000000000001
67,Group stage,England,Panama,90,17,Morgan Rogers,11737.8,3754.6,4772.4,1864.9,980.2,365.6,147.0,81.0,33.4,38.0,31.0,82.0,0.0,1.0,0.0,8.0,7.0,88.0,1.0,1.0,0.0,0.0,0.0,69.0,8.0,24.0,2.0,2.0,32.0,1.0,21.0,4,2,2.0,0.0,9.0,34.0,3.0,0.0,3.0,1.0,2.0,28.0,23.0,4.0,1.0,Morgan Rogers,MF,True,90.0,https://www.fifatrainingcentre.com/media/native/tournaments/fifa-world-cup/2026/PMSR-M67-PAN-V-ENG.pdf,https://www.fifatrainingcentre.com/media/native/tournaments/fifa-world-cup/2026/PMSR-M67-PAN-V-ENG.pdf,Paired substitution times on the FIFA PMSR team-summary page.,1345.8000000000002
67,Group stage,England,Panama,90,19,Ollie Watkins,1546.8,473.4,624.0,266.5,87.5,95.5,26.0,9.0,30.8,1.0,1.0,100.0,0.0,1.0,0.0,1.0,1.0,100.0,1.0,1.0,0.0,0.0,0.0,5.0,0.0,1.0,0.0,0.0,4.0,0.0,2.0,0,0,1.0,0.0,1.0,3.0,0.0,0.0,0.0,0.0,0.0,2.0,1.0,0.0,1.0,Ollie Watkins,FW,False,6.0,https://www.fifatrainingcentre.com/media/native/tournaments/fifa-world-cup/2026/PMSR-M67-PAN-V-ENG.pdf,https://www.fifatrainingcentre.com/media/native/tournaments/fifa-world-cup/2026/PMSR-M67-PAN-V-ENG.pdf,Paired substitution times on the FIFA PMSR team-summary page.,183.0
67,Group stage,England,Panama,90,20,Noni Madueke,3449.0,1354.9,1192.5,360.5,289.9,251.3,30.0,25.0,34.3,5.0,2.0,40.0,0.0,2.0,1.0,2.0,1.0,50.0,3.0,3.0,0.0,1.0,0.0,17.0,0.0,3.0,0.0,0.0,9.0,5.0,5.0,0,0,2.0,0.0,1.0,5.0,1.0,0.0,1.0,1.0,2.0,6.0,3.0,0.0,0.0,Noni Madueke,FW,False,27.0,https://www.fifatrainingcentre.com/media/native/tournaments/fifa-world-cup/2026/PMSR-M67-PAN-V-ENG.pdf,https://www.fifatrainingcentre.com/media/native/tournaments/fifa-world-cup/2026/PMSR-M67-PAN-V-ENG.pdf,Paired substitution times on the FIFA PMSR team-summary page.,541.2
67,Group stage,England,Panama,90,21,Eberechi Eze,3121.8,886.9,1399.1,507.9,270.7,57.1,44.0,16.0,31.9,9.0,7.0,78.0,0.0,0.0,0.0,3.0,2.0,67.0,0.0,0.0,0.0,1.0,0.0,16.0,1.0,9.0,1.0,1.0,2.0,2.0,5.0,0,0,0.0,0.0,0.0,3.0,0.0,0.0,0.0,0.0,0.0,5.0,2.0,0.0,0.0,Eberechi Eze,MF,False,19.0,https://www.fifatrainingcentre.com/media/native/tournaments/fifa-world-cup/2026/PMSR-M67-PAN-V-ENG.pdf,https://www.fifatrainingcentre.com/media/native/tournaments/fifa-world-cup/2026/PMSR-M67-PAN-V-ENG.pdf,Paired substitution times on the FIFA PMSR team-summary page.,327.8
67,Group stage,England,Panama,90,25,Djed Spence,3514.8,1378.0,1371.6,379.4,232.0,153.7,32.0,20.0,33.6,16.0,15.0,94.0,0.0,1.0,0.0,6.0,5.0,83.0,1.0,1.0,0.0,0.0,0.0,7.0,2.0,0.0,0.0,0.0,5.0,0.0,3.0,1,1,0.0,0.0,1.0,1.0,0.0,0.0,0.0,2.0,2.0,3.0,0.0,2.0,1.0,Djed Spence,DF,False,27.0,https://www.fifatrainingcentre.com/media/native/tournaments/fifa-world-cup/2026/PMSR-M67-PAN-V-ENG.pdf,https://www.fifatrainingcentre.com/media/native/tournaments/fifa-world-cup/2026/PMSR-M67-PAN-V-ENG.pdf,Paired substitution times on the FIFA PMSR team-summary page.,385.7
67,Group stage,England,Panama,90,26,Jarell Quansah,6593.2,2433.0,2769.9,777.5,439.5,173.4,78.0,34.0,33.3,47.0,43.0,91.0,1.0,0.0,0.0,14.0,10.0,71.0,0.0,0.0,0.0,0.0,0.0,6.0,2.0,0.0,0.0,0.0,4.0,0.0,3.0,2,0,1.0,2.0,4.0,4.0,5.0,0.0,5.0,2.0,4.0,8.0,2.0,5.0,2.0,Jarell Quansah,DF,True,63.0,https://www.fifatrainingcentre.com/media/native/tournaments/fifa-world-cup/2026/PMSR-M67-PAN-V-ENG.pdf,https://www.fifatrainingcentre.com/media/native/tournaments/fifa-world-cup/2026/PMSR-M67-PAN-V-ENG.pdf,Paired substitution times on the FIFA PMSR team-summary page.,612.9
80,Round of 32,England,Congo DR,90,1,Jordan Pickford,5852.6,4038.4,1561.3,192.4,44.4,16.0,17.0,6.0,26.9,31.0,24.0,77.0,0.0,0.0,0.0,9.0,5.0,56.0,0.0,0.0,0.0,0.0,0.0,6.0,0.0,0.0,0.0,0.0,0.0,6.0,4.0,0,0,0.0,0.0,0.0,0.0,0.0,0.0,0.0,1.0,8.0,0.0,0.0,5.0,0.0,Jordan Pickford,GK,True,90.0,https://www.fifatrainingcentre.com/media/native/tournaments/fifa-world-cup/2026/PMSR-M80-ENG-V-COD.pdf,https://www.fifatrainingcentre.com/media/native/tournaments/fifa-world-cup/2026/PMSR-M80-ENG-V-COD.pdf,Paired substitution times on the FIFA PMSR team-summary page.,60.4
80,Round of 32,England,Congo DR,90,2,Ezri Konsa,10004.8,4547.4,3964.9,1001.2,360.3,131.0,91.0,27.0,32.2,73.0,71.0,97.0,1.0,0.0,0.0,18.0,16.0,89.0,1.0,0.0,1.0,0.0,0.0,11.0,1.0,0.0,0.0,0.0,1.0,9.0,4.0,0,0,0.0,0.0,2.0,8.0,1.0,0.0,1.0,5.0,6.0,11.0,4.0,3.0,4.0,Ezri Konsa,DF,True,90.0,https://www.fifatrainingcentre.com/media/native/tournaments/fifa-world-cup/2026/PMSR-M80-ENG-V-COD.pdf,https://www.fifatrainingcentre.com/media/native/tournaments/fifa-world-cup/2026/PMSR-M80-ENG-V-COD.pdf,Paired substitution times on the FIFA PMSR team-summary page.,491.3
80,Round of 32,England,Congo DR,90,3,Nico Oreilly,11105.8,4185.1,4636.9,1377.9,602.6,303.3,119.0,45.0,34.2,44.0,44.0,100.0,1.0,2.0,0.0,8.0,8.0,100.0,2.0,1.0,1.0,1.0,0.0,45.0,15.0,4.0,0.0,1.0,14.0,11.0,15.0,0,0,4.0,3.0,6.0,14.0,1.0,1.0,2.0,5.0,2.0,15.0,12.0,4.0,3.0,Nico Oreilly,DF,True,90.0,https://www.fifatrainingcentre.com/media/native/tournaments/fifa-world-cup/2026/PMSR-M80-ENG-V-COD.pdf,https://www.fifatrainingcentre.com/media/native/tournaments/fifa-world-cup/2026/PMSR-M80-ENG-V-COD.pdf,Paired substitution times on the FIFA PMSR team-summary page.,905.9000000000001
80,Round of 32,England,Congo DR,90,4,Declan Rice,11227.1,3833.1,4871.0,1678.1,610.8,234.1,124.0,45.0,32.6,56.0,53.0,95.0,0.0,11.0,4.0,22.0,19.0,86.0,1.0,0.0,1.0,0.0,0.0,45.0,16.0,9.0,0.0,0.0,8.0,12.0,12.0,2,1,2.0,1.0,3.0,13.0,0.0,0.0,0.0,0.0,8.0,25.0,8.0,3.0,1.0,Declan Rice,MF,True,90.0,https://www.fifatrainingcentre.com/media/native/tournaments/fifa-world-cup/2026/PMSR-M80-ENG-V-COD.pdf,https://www.fifatrainingcentre.com/media/native/tournaments/fifa-world-cup/2026/PMSR-M80-ENG-V-COD.pdf,Paired substitution times on the FIFA PMSR team-summary page.,844.9
80,Round of 32,England,Congo DR,90,5,John Stones,480.9,221.4,152.5,46.0,42.1,18.9,5.0,3.0,27.7,0.0,0.0,0.0,0.0,0.0,0.0,0.0,0.0,0.0,0.0,0.0,0.0,0.0,0.0,1.0,0.0,0.0,0.0,0.0,0.0,1.0,0.0,0,0,0.0,0.0,0.0,1.0,0.0,0.0,0.0,0.0,0.0,0.0,0.0,0.0,0.0,John Stones,DF,False,0.0,https://www.fifatrainingcentre.com/media/native/tournaments/fifa-world-cup/2026/PMSR-M80-ENG-V-COD.pdf,https://www.fifatrainingcentre.com/media/native/tournaments/fifa-world-cup/2026/PMSR-M80-ENG-V-COD.pdf,Paired substitution times on the FIFA PMSR team-summary page.,61.0
80,Round of 32,England,Congo DR,90,6,Marc Guehi,10400.3,3743.3,4848.6,1244.7,413.0,150.8,108.0,31.0,29.8,67.0,67.0,100.0,2.0,0.0,0.0,12.0,12.0,100.0,1.0,0.0,1.0,0.0,0.0,13.0,2.0,0.0,0.0,0.0,0.0,11.0,1.0,0,0,2.0,1.0,3.0,1.0,2.0,0.0,3.0,4.0,3.0,17.0,2.0,6.0,3.0,Marc Guehi,DF,True,90.0,https://www.fifatrainingcentre.com/media/native/tournaments/fifa-world-cup/2026/PMSR-M80-ENG-V-COD.pdf,https://www.fifatrainingcentre.com/media/native/tournaments/fifa-world-cup/2026/PMSR-M80-ENG-V-COD.pdf,Paired substitution times on the FIFA PMSR team-summary page.,563.8
80,Round of 32,England,Congo DR,90,7,Bukayo Saka,3788.5,1465.8,1492.0,495.0,269.4,66.3,47.0,20.0,28.9,12.0,8.0,67.0,0.0,2.0,0.0,3.0,2.0,67.0,3.0,2.0,1.0,0.0,0.0,4.0,1.0,0.0,0.0,0.0,3.0,0.0,2.0,4,0,0.0,0.0,5.0,5.0,1.0,0.0,1.0,0.0,3.0,6.0,4.0,1.0,0.0,Bukayo Saka,FW,False,29.0,https://www.fifatrainingcentre.com/media/native/tournaments/fifa-world-cup/2026/PMSR-M80-ENG-V-COD.pdf,https://www.fifatrainingcentre.com/media/native/tournaments/fifa-world-cup/2026/PMSR-M80-ENG-V-COD.pdf,Paired substitution times on the FIFA PMSR team-summary page.,335.7
80,Round of 32,England,Congo DR,90,8,Elliot Anderson,11565.4,3783.1,5515.6,1635.2,534.5,96.9,135.0,40.0,28.0,66.0,59.0,89.0,1.0,1.0,1.0,18.0,16.0,89.0,3.0,0.0,3.0,1.0,0.0,46.0,29.0,4.0,0.0,1.0,2.0,10.0,19.0,4,0,6.0,1.0,7.0,14.0,6.0,0.0,6.0,4.0,8.0,37.0,12.0,3.0,6.0,Elliot Anderson,MF,True,90.0,https://www.fifatrainingcentre.com/media/native/tournaments/fifa-world-cup/2026/PMSR-M80-ENG-V-COD.pdf,https://www.fifatrainingcentre.com/media/native/tournaments/fifa-world-cup/2026/PMSR-M80-ENG-V-COD.pdf,Paired substitution times on the FIFA PMSR team-summary page.,631.4
80,Round of 32,England,Congo DR,90,9,Harry Kane,11493.0,4159.7,4893.0,1674.0,620.4,145.9,135.0,42.0,32.4,11.0,8.0,73.0,0.0,0.0,0.0,4.0,3.0,75.0,4.0,3.0,1.0,5.0,2.0,39.0,4.0,12.0,1.0,3.0,16.0,3.0,10.0,0,0,2.0,0.0,2.0,39.0,0.0,0.0,0.0,1.0,3.0,17.0,12.0,2.0,1.0,Harry Kane,FW,True,90.0,https://www.fifatrainingcentre.com/media/native/tournaments/fifa-world-cup/2026/PMSR-M80-ENG-V-COD.pdf,https://www.fifatrainingcentre.com/media/native/tournaments/fifa-world-cup/2026/PMSR-M80-ENG-V-COD.pdf,Paired substitution times on the FIFA PMSR team-summary page.,766.3
80,Round of 32,England,Congo DR,90,10,Jude Bellingham,11426.1,4544.7,3991.3,1897.0,746.1,246.9,167.0,59.0,31.1,39.0,34.0,87.0,1.0,4.0,0.0,12.0,9.0,75.0,4.0,4.0,0.0,3.0,0.0,112.0,34.0,47.0,0.0,2.0,22.0,7.0,34.0,2,1,1.0,0.0,3.0,37.0,0.0,0.0,0.0,0.0,4.0,31.0,24.0,1.0,1.0,Jude Bellingham,MF,True,90.0,https://www.fifatrainingcentre.com/media/native/tournaments/fifa-world-cup/2026/PMSR-M80-ENG-V-COD.pdf,https://www.fifatrainingcentre.com/media/native/tournaments/fifa-world-cup/2026/PMSR-M80-ENG-V-COD.pdf,Paired substitution times on the FIFA PMSR team-summary page.,993.0
80,Round of 32,England,Congo DR,90,11,Marcus Rashford,7368.7,2616.1,3261.3,802.7,401.3,287.2,68.0,33.0,35.2,29.0,28.0,97.0,0.0,4.0,0.0,9.0,7.0,78.0,5.0,4.0,1.0,3.0,0.0,56.0,8.0,2.0,0.0,0.0,32.0,14.0,23.0,3,0,0.0,0.0,2.0,20.0,1.0,0.0,1.0,1.0,2.0,16.0,11.0,0.0,1.0,Marcus Rashford,FW,True,61.0,https://www.fifatrainingcentre.com/media/native/tournaments/fifa-world-cup/2026/PMSR-M80-ENG-V-COD.pdf,https://www.fifatrainingcentre.com/media/native/tournaments/fifa-world-cup/2026/PMSR-M80-ENG-V-COD.pdf,Paired substitution times on the FIFA PMSR team-summary page.,688.5
80,Round of 32,England,Congo DR,90,18,Anthony Gordon,3724.6,1682.9,1068.4,583.7,316.9,72.7,52.0,21.0,28.6,20.0,19.0,95.0,0.0,3.0,1.0,9.0,8.0,89.0,4.0,3.0,1.0,1.0,0.0,17.0,3.0,0.0,1.0,0.0,9.0,4.0,9.0,1,0,2.0,1.0,0.0,11.0,0.0,0.0,0.0,0.0,2.0,5.0,4.0,1.0,1.0,Anthony Gordon,FW,False,29.0,https://www.fifatrainingcentre.com/media/native/tournaments/fifa-world-cup/2026/PMSR-M80-ENG-V-COD.pdf,https://www.fifatrainingcentre.com/media/native/tournaments/fifa-world-cup/2026/PMSR-M80-ENG-V-COD.pdf,Paired substitution times on the FIFA PMSR team-summary page.,389.59999999999997
80,Round of 32,England,Congo DR,90,20,Noni Madueke,6731.9,2976.5,2202.6,937.2,429.3,186.3,81.0,34.0,33.7,26.0,24.0,92.0,0.0,10.0,3.0,14.0,9.0,64.0,9.0,9.0,0.0,2.0,0.0,30.0,1.0,1.0,1.0,0.0,12.0,15.0,11.0,2,0,3.0,0.0,5.0,19.0,1.0,0.0,2.0,0.0,3.0,11.0,7.0,0.0,1.0,Noni Madueke,FW,True,61.0,https://www.fifatrainingcentre.com/media/native/tournaments/fifa-world-cup/2026/PMSR-M80-ENG-V-COD.pdf,https://www.fifatrainingcentre.com/media/native/tournaments/fifa-world-cup/2026/PMSR-M80-ENG-V-COD.pdf,Paired substitution times on the FIFA PMSR team-summary page.,615.6
80,Round of 32,England,Congo DR,90,21,Eberechi Eze,2771.8,1040.8,1146.8,411.3,121.3,51.6,33.0,12.0,30.0,5.0,5.0,100.0,0.0,0.0,0.0,2.0,2.0,100.0,0.0,0.0,0.0,0.0,0.0,14.0,2.0,6.0,1.0,0.0,5.0,0.0,2.0,0,0,0.0,0.0,0.0,8.0,1.0,0.0,1.0,1.0,0.0,2.0,2.0,0.0,0.0,Eberechi Eze,MF,False,20.0,https://www.fifatrainingcentre.com/media/native/tournaments/fifa-world-cup/2026/PMSR-M80-ENG-V-COD.pdf,https://www.fifatrainingcentre.com/media/native/tournaments/fifa-world-cup/2026/PMSR-M80-ENG-V-COD.pdf,Paired substitution times on the FIFA PMSR team-summary page.,172.9
80,Round of 32,England,Congo DR,90,25,Djed Spence,7558.4,3171.0,2848.4,796.3,421.4,321.2,68.0,41.0,35.0,44.0,38.0,86.0,0.0,5.0,0.0,15.0,9.0,60.0,4.0,1.0,3.0,0.0,0.0,51.0,14.0,0.0,0.0,1.0,9.0,27.0,23.0,6,2,3.0,2.0,6.0,12.0,0.0,0.0,1.0,2.0,7.0,12.0,8.0,5.0,6.0,Djed Spence,DF,True,70.0,https://www.fifatrainingcentre.com/media/native/tournaments/fifa-world-cup/2026/PMSR-M80-ENG-V-COD.pdf,https://www.fifatrainingcentre.com/media/native/tournaments/fifa-world-cup/2026/PMSR-M80-ENG-V-COD.pdf,Paired substitution times on the FIFA PMSR team-summary page.,742.5999999999999
92,Round of 16,England,Mexico,90,1,Jordan Pickford,5826.3,4384.3,1274.5,117.8,41.8,8.0,11.0,4.0,27.3,39.0,23.0,59.0,1.0,0.0,0.0,23.0,10.0,43.0,0.0,0.0,0.0,0.0,0.0,7.0,0.0,0.0,0.0,0.0,0.0,7.0,4.0,0,0,0.0,0.0,0.0,0.0,0.0,0.0,0.0,0.0,2.0,0.0,0.0,8.0,0.0,Jordan Pickford,GK,True,90.0,https://www.fifatrainingcentre.com/media/native/tournaments/fifa-world-cup/2026/PMSR-M92-MEX-V-ENG.pdf,https://www.fifatrainingcentre.com/media/native/tournaments/fifa-world-cup/2026/PMSR-M92-MEX-V-ENG.pdf,Paired substitution times on the FIFA PMSR team-summary page.,49.8
92,Round of 16,England,Mexico,90,2,Ezri Konsa,9694.1,4527.9,3911.7,1011.5,198.3,44.7,91.0,22.0,30.3,32.0,29.0,91.0,0.0,0.0,0.0,7.0,4.0,57.0,1.0,0.0,1.0,0.0,0.0,16.0,2.0,0.0,0.0,0.0,0.0,14.0,10.0,1,0,7.0,0.0,3.0,20.0,0.0,0.0,0.0,6.0,1.0,27.0,20.0,3.0,12.0,Ezri Konsa,DF,True,90.0,https://www.fifatrainingcentre.com/media/native/tournaments/fifa-world-cup/2026/PMSR-M92-MEX-V-ENG.pdf,https://www.fifatrainingcentre.com/media/native/tournaments/fifa-world-cup/2026/PMSR-M92-MEX-V-ENG.pdf,Paired substitution times on the FIFA PMSR team-summary page.,243.0
92,Round of 16,England,Mexico,90,3,Nico Oreilly,7338.5,3056.6,2948.9,888.1,339.1,105.8,82.0,20.0,31.3,18.0,16.0,89.0,1.0,1.0,1.0,7.0,6.0,86.0,0.0,0.0,0.0,1.0,0.0,18.0,6.0,0.0,0.0,0.0,2.0,10.0,5.0,2,0,1.0,1.0,1.0,12.0,0.0,0.0,0.0,1.0,2.0,15.0,10.0,1.0,2.0,Nico Oreilly,DF,True,74.0,https://www.fifatrainingcentre.com/media/native/tournaments/fifa-world-cup/2026/PMSR-M92-MEX-V-ENG.pdf,https://www.fifatrainingcentre.com/media/native/tournaments/fifa-world-cup/2026/PMSR-M92-MEX-V-ENG.pdf,Paired substitution times on the FIFA PMSR team-summary page.,444.90000000000003
92,Round of 16,England,Mexico,90,4,Declan Rice,11169.4,3858.5,5524.5,1297.4,345.9,143.1,114.0,31.0,31.6,30.0,27.0,90.0,0.0,1.0,0.0,7.0,4.0,57.0,2.0,0.0,2.0,0.0,0.0,29.0,18.0,6.0,2.0,0.0,0.0,3.0,10.0,0,0,2.0,1.0,2.0,23.0,0.0,0.0,0.0,1.0,3.0,24.0,12.0,0.0,4.0,Declan Rice,MF,True,90.0,https://www.fifatrainingcentre.com/media/native/tournaments/fifa-world-cup/2026/PMSR-M92-MEX-V-ENG.pdf,https://www.fifatrainingcentre.com/media/native/tournaments/fifa-world-cup/2026/PMSR-M92-MEX-V-ENG.pdf,Paired substitution times on the FIFA PMSR team-summary page.,489.0
92,Round of 16,England,Mexico,90,5,John Stones,3877.4,1756.3,1731.1,292.8,90.2,7.0,23.0,5.0,27.5,1.0,1.0,100.0,1.0,0.0,0.0,1.0,1.0,100.0,0.0,0.0,0.0,0.0,0.0,0.0,0.0,0.0,0.0,0.0,0.0,0.0,0.0,0,0,3.0,0.0,0.0,3.0,1.0,0.0,1.0,4.0,0.0,4.0,0.0,1.0,1.0,John Stones,DF,False,33.0,https://www.fifatrainingcentre.com/media/native/tournaments/fifa-world-cup/2026/PMSR-M92-MEX-V-ENG.pdf,https://www.fifatrainingcentre.com/media/native/tournaments/fifa-world-cup/2026/PMSR-M92-MEX-V-ENG.pdf,Paired substitution times on the FIFA PMSR team-summary page.,97.2
92,Round of 16,England,Mexico,90,6,Marc Guehi,9123.9,3842.3,4232.6,863.8,176.1,9.0,70.0,17.0,26.8,34.0,31.0,91.0,0.0,0.0,0.0,12.0,10.0,83.0,1.0,1.0,0.0,0.0,0.0,13.0,0.0,0.0,0.0,0.0,0.0,13.0,7.0,0,0,2.0,1.0,1.0,1.0,1.0,0.0,1.0,5.0,5.0,3.0,0.0,4.0,3.0,Marc Guehi,DF,True,90.0,https://www.fifatrainingcentre.com/media/native/tournaments/fifa-world-cup/2026/PMSR-M92-MEX-V-ENG.pdf,https://www.fifatrainingcentre.com/media/native/tournaments/fifa-world-cup/2026/PMSR-M92-MEX-V-ENG.pdf,Paired substitution times on the FIFA PMSR team-summary page.,185.1
92,Round of 16,England,Mexico,90,7,Bukayo Saka,6452.5,2570.7,2386.8,898.8,375.2,221.0,79.0,31.0,32.3,6.0,6.0,100.0,0.0,2.0,1.0,0.0,0.0,0.0,1.0,1.0,0.0,0.0,0.0,23.0,3.0,3.0,1.0,2.0,8.0,6.0,7.0,2,1,2.0,0.0,4.0,13.0,0.0,0.0,0.0,0.0,5.0,13.0,7.0,2.0,1.0,Bukayo Saka,FW,True,57.0,https://www.fifatrainingcentre.com/media/native/tournaments/fifa-world-cup/2026/PMSR-M92-MEX-V-ENG.pdf,https://www.fifatrainingcentre.com/media/native/tournaments/fifa-world-cup/2026/PMSR-M92-MEX-V-ENG.pdf,Paired substitution times on the FIFA PMSR team-summary page.,596.2
92,Round of 16,England,Mexico,90,8,Elliot Anderson,8245.8,3045.6,3718.9,1193.7,248.8,38.8,97.0,21.0,28.3,24.0,19.0,79.0,0.0,0.0,0.0,6.0,5.0,83.0,0.0,0.0,0.0,0.0,0.0,29.0,21.0,4.0,1.0,0.0,2.0,1.0,8.0,5,2,1.0,1.0,4.0,17.0,2.0,0.0,2.0,5.0,7.0,19.0,6.0,6.0,2.0,Elliot Anderson,MF,True,75.0,https://www.fifatrainingcentre.com/media/native/tournaments/fifa-world-cup/2026/PMSR-M92-MEX-V-ENG.pdf,https://www.fifatrainingcentre.com/media/native/tournaments/fifa-world-cup/2026/PMSR-M92-MEX-V-ENG.pdf,Paired substitution times on the FIFA PMSR team-summary page.,287.6
92,Round of 16,England,Mexico,90,9,Harry Kane,9641.6,3843.7,4285.1,1064.1,385.2,63.5,86.0,24.0,29.4,7.0,7.0,100.0,0.0,1.0,1.0,0.0,0.0,0.0,1.0,1.0,0.0,1.0,1.0,11.0,1.0,4.0,1.0,0.0,4.0,1.0,5.0,2,0,1.0,0.0,3.0,21.0,2.0,0.0,2.0,2.0,2.0,16.0,12.0,1.0,2.0,Harry Kane,FW,True,90.0,https://www.fifatrainingcentre.com/media/native/tournaments/fifa-world-cup/2026/PMSR-M92-MEX-V-ENG.pdf,https://www.fifatrainingcentre.com/media/native/tournaments/fifa-world-cup/2026/PMSR-M92-MEX-V-ENG.pdf,Paired substitution times on the FIFA PMSR team-summary page.,448.7
92,Round of 16,England,Mexico,90,10,Jude Bellingham,11142.8,4512.4,4097.7,1681.3,641.0,210.3,144.0,50.0,30.7,23.0,17.0,74.0,0.0,0.0,0.0,7.0,5.0,71.0,4.0,2.0,2.0,3.0,2.0,37.0,9.0,13.0,0.0,7.0,7.0,1.0,13.0,2,1,2.0,0.0,5.0,32.0,2.0,0.0,3.0,3.0,7.0,27.0,19.0,2.0,2.0,Jude Bellingham,MF,True,90.0,https://www.fifatrainingcentre.com/media/native/tournaments/fifa-world-cup/2026/PMSR-M92-MEX-V-ENG.pdf,https://www.fifatrainingcentre.com/media/native/tournaments/fifa-world-cup/2026/PMSR-M92-MEX-V-ENG.pdf,Paired substitution times on the FIFA PMSR team-summary page.,851.3
92,Round of 16,England,Mexico,90,14,Jordan Henderson,0.0,0.0,0.0,0.0,0.0,0.0,0.0,0.0,0.0,0.0,0.0,0.0,0.0,0.0,0.0,0.0,0.0,0.0,0.0,0.0,0.0,0.0,0.0,0.0,0.0,0.0,0.0,0.0,0.0,0.0,0.0,0,0,0.0,0.0,0.0,0.0,0.0,0.0,0.0,0.0,0.0,0.0,0.0,0.0,0.0,Jordan Henderson,MF,False,0.0,https://www.fifatrainingcentre.com/media/native/tournaments/fifa-world-cup/2026/PMSR-M92-MEX-V-ENG.pdf,https://www.fifatrainingcentre.com/media/native/tournaments/fifa-world-cup/2026/PMSR-M92-MEX-V-ENG.pdf,Paired substitution times on the FIFA PMSR team-summary page.,0.0
92,Round of 16,England,Mexico,90,15,Dan Burn,2844.3,1084.4,1480.2,211.0,54.6,14.1,21.0,5.0,27.5,3.0,1.0,33.0,0.0,0.0,0.0,2.0,0.0,0.0,0.0,0.0,0.0,0.0,0.0,0.0,0.0,0.0,0.0,0.0,0.0,0.0,0.0,0,0,3.0,0.0,0.0,1.0,1.0,0.0,1.0,4.0,1.0,2.0,0.0,0.0,4.0,Dan Burn,DF,False,15.0,https://www.fifatrainingcentre.com/media/native/tournaments/fifa-world-cup/2026/PMSR-M92-MEX-V-ENG.pdf,https://www.fifatrainingcentre.com/media/native/tournaments/fifa-world-cup/2026/PMSR-M92-MEX-V-ENG.pdf,Paired substitution times on the FIFA PMSR team-summary page.,68.7
92,Round of 16,England,Mexico,90,17,Morgan Rogers,1909.0,405.2,862.9,442.2,128.8,69.9,33.0,9.0,31.4,2.0,0.0,0.0,0.0,0.0,0.0,0.0,0.0,0.0,0.0,0.0,0.0,0.0,0.0,2.0,0.0,0.0,0.0,0.0,2.0,0.0,0.0,0,0,0.0,0.0,0.0,9.0,1.0,0.0,1.0,1.0,0.0,5.0,5.0,0.0,1.0,Morgan Rogers,MF,False,0.0,https://www.fifatrainingcentre.com/media/native/tournaments/fifa-world-cup/2026/PMSR-M92-MEX-V-ENG.pdf,https://www.fifatrainingcentre.com/media/native/tournaments/fifa-world-cup/2026/PMSR-M92-MEX-V-ENG.pdf,Paired substitution times on the FIFA PMSR team-summary page.,198.70000000000002
92,Round of 16,England,Mexico,90,18,Anthony Gordon,10592.8,4932.3,3500.9,1335.3,517.8,306.6,113.0,40.0,35.8,10.0,8.0,80.0,0.0,1.0,0.0,6.0,4.0,67.0,7.0,6.0,1.0,1.0,0.0,26.0,3.0,4.0,1.0,0.0,7.0,11.0,14.0,9,1,3.0,1.0,5.0,33.0,0.0,1.0,1.0,2.0,6.0,28.0,16.0,4.0,6.0,Anthony Gordon,FW,True,90.0,https://www.fifatrainingcentre.com/media/native/tournaments/fifa-world-cup/2026/PMSR-M92-MEX-V-ENG.pdf,https://www.fifatrainingcentre.com/media/native/tournaments/fifa-world-cup/2026/PMSR-M92-MEX-V-ENG.pdf,Paired substitution times on the FIFA PMSR team-summary page.,824.4
92,Round of 16,England,Mexico,90,25,Djed Spence,3033.8,1124.0,1467.5,342.3,56.5,43.5,32.0,4.0,33.4,3.0,2.0,67.0,0.0,1.0,0.0,2.0,1.0,50.0,0.0,0.0,0.0,0.0,0.0,4.0,0.0,0.0,0.0,0.0,2.0,2.0,1.0,0,0,3.0,0.0,1.0,18.0,1.0,0.0,1.0,4.0,0.0,14.0,14.0,1.0,4.0,Djed Spence,DF,False,16.0,https://www.fifatrainingcentre.com/media/native/tournaments/fifa-world-cup/2026/PMSR-M92-MEX-V-ENG.pdf,https://www.fifatrainingcentre.com/media/native/tournaments/fifa-world-cup/2026/PMSR-M92-MEX-V-ENG.pdf,Paired substitution times on the FIFA PMSR team-summary page.,100.0
92,Round of 16,England,Mexico,90,26,Jarell Quansah,5849.6,2378.7,2440.1,691.8,264.6,74.4,69.0,22.0,30.5,22.0,17.0,77.0,0.0,1.0,0.0,5.0,3.0,60.0,0.0,0.0,0.0,0.0,0.0,12.0,4.0,0.0,0.0,0.0,2.0,6.0,5.0,2,1,2.0,1.0,7.0,4.0,0.0,0.0,0.0,1.0,3.0,16.0,3.0,3.0,1.0,Jarell Quansah,DF,True,90.0,https://www.fifatrainingcentre.com/media/native/tournaments/fifa-world-cup/2026/PMSR-M92-MEX-V-ENG.pdf,https://www.fifatrainingcentre.com/media/native/tournaments/fifa-world-cup/2026/PMSR-M92-MEX-V-ENG.pdf,Paired substitution times on the FIFA PMSR team-summary page.,339.0
99,Quarter-final,England,Norway,120,1,Jordan Pickford,6636.8,5220.4,1199.8,154.6,43.9,18.1,12.0,4.0,30.2,36.0,26.0,72.0,0.0,0.0,0.0,21.0,12.0,57.0,0.0,0.0,0.0,0.0,0.0,21.0,0.0,0.0,0.0,0.0,0.0,21.0,7.0,0,0,0.0,0.0,0.0,0.0,0.0,0.0,0.0,0.0,3.0,0.0,0.0,9.0,0.0,Jordan Pickford,GK,True,120.0,https://www.fifatrainingcentre.com/media/native/tournaments/fifa-world-cup/2026/PMSR-M99-NOR-V-ENG.pdf,https://www.fifatrainingcentre.com/media/native/tournaments/fifa-world-cup/2026/PMSR-M99-NOR-V-ENG.pdf,Paired substitution times on the FIFA PMSR team-summary page.,62.0
99,Quarter-final,England,Norway,120,2,Ezri Konsa,8124.7,4236.3,2791.1,728.8,285.3,83.2,61.0,19.0,31.7,61.0,60.0,98.0,0.0,1.0,0.0,10.0,10.0,100.0,1.0,1.0,0.0,0.0,0.0,22.0,13.0,0.0,0.0,0.0,2.0,7.0,12.0,1,0,1.0,0.0,0.0,9.0,3.0,0.0,3.0,2.0,4.0,17.0,5.0,1.0,0.0,Ezri Konsa,DF,True,89.0,https://www.fifatrainingcentre.com/media/native/tournaments/fifa-world-cup/2026/PMSR-M99-NOR-V-ENG.pdf,https://www.fifatrainingcentre.com/media/native/tournaments/fifa-world-cup/2026/PMSR-M99-NOR-V-ENG.pdf,Paired substitution times on the FIFA PMSR team-summary page.,368.5
99,Quarter-final,England,Norway,120,3,Nico Oreilly,8795.1,3729.0,3611.8,845.3,418.0,191.0,71.0,35.0,31.7,38.0,35.0,92.0,0.0,2.0,1.0,6.0,4.0,67.0,2.0,2.0,0.0,0.0,0.0,29.0,13.0,2.0,0.0,0.0,5.0,9.0,17.0,2,1,1.0,1.0,6.0,12.0,0.0,0.0,0.0,2.0,3.0,8.0,5.0,4.0,2.0,Nico Oreilly,DF,True,86.0,https://www.fifatrainingcentre.com/media/native/tournaments/fifa-world-cup/2026/PMSR-M99-NOR-V-ENG.pdf,https://www.fifatrainingcentre.com/media/native/tournaments/fifa-world-cup/2026/PMSR-M99-NOR-V-ENG.pdf,Paired substitution times on the FIFA PMSR team-summary page.,609.0
99,Quarter-final,England,Norway,120,4,Declan Rice,5183.1,2135.5,2318.4,578.3,105.5,45.4,50.0,8.0,30.0,46.0,45.0,98.0,3.0,3.0,1.0,11.0,9.0,82.0,1.0,0.0,1.0,0.0,0.0,25.0,15.0,3.0,0.0,0.0,0.0,7.0,15.0,0,0,0.0,2.0,1.0,3.0,1.0,0.0,1.0,0.0,3.0,6.0,3.0,2.0,0.0,Declan Rice,MF,True,45.0,https://www.fifatrainingcentre.com/media/native/tournaments/fifa-world-cup/2026/PMSR-M99-NOR-V-ENG.pdf,https://www.fifatrainingcentre.com/media/native/tournaments/fifa-world-cup/2026/PMSR-M99-NOR-V-ENG.pdf,Paired substitution times on the FIFA PMSR team-summary page.,150.9
99,Quarter-final,England,Norway,120,5,John Stones,11841.9,5831.2,4628.0,1070.0,252.2,60.5,98.0,22.0,30.0,82.0,80.0,98.0,2.0,0.0,0.0,15.0,14.0,93.0,2.0,0.0,2.0,0.0,0.0,32.0,5.0,0.0,0.0,0.0,2.0,25.0,21.0,0,0,2.0,2.0,1.0,3.0,2.0,0.0,2.0,8.0,3.0,12.0,2.0,6.0,6.0,John Stones,DF,True,120.0,https://www.fifatrainingcentre.com/media/native/tournaments/fifa-world-cup/2026/PMSR-M99-NOR-V-ENG.pdf,https://www.fifatrainingcentre.com/media/native/tournaments/fifa-world-cup/2026/PMSR-M99-NOR-V-ENG.pdf,Paired substitution times on the FIFA PMSR team-summary page.,312.7
99,Quarter-final,England,Norway,120,6,Marc Guehi,11643.7,5469.2,4961.1,883.7,248.2,81.6,81.0,20.0,30.3,84.0,79.0,94.0,0.0,0.0,0.0,20.0,18.0,90.0,3.0,1.0,2.0,0.0,0.0,16.0,1.0,0.0,0.0,0.0,0.0,15.0,12.0,0,0,2.0,1.0,2.0,1.0,0.0,1.0,2.0,4.0,5.0,10.0,1.0,3.0,5.0,Marc Guehi,DF,True,120.0,https://www.fifatrainingcentre.com/media/native/tournaments/fifa-world-cup/2026/PMSR-M99-NOR-V-ENG.pdf,https://www.fifatrainingcentre.com/media/native/tournaments/fifa-world-cup/2026/PMSR-M99-NOR-V-ENG.pdf,Paired substitution times on the FIFA PMSR team-summary page.,329.79999999999995
99,Quarter-final,England,Norway,120,7,Bukayo Saka,8674.8,3581.6,3201.9,1282.8,442.8,165.7,108.0,43.0,30.6,19.0,15.0,79.0,1.0,6.0,2.0,3.0,2.0,67.0,3.0,3.0,0.0,3.0,0.0,19.0,3.0,1.0,1.0,0.0,10.0,4.0,10.0,4,1,2.0,0.0,7.0,19.0,0.0,0.0,1.0,0.0,1.0,24.0,10.0,1.0,1.0,Bukayo Saka,FW,False,75.0,https://www.fifatrainingcentre.com/media/native/tournaments/fifa-world-cup/2026/PMSR-M99-NOR-V-ENG.pdf,https://www.fifatrainingcentre.com/media/native/tournaments/fifa-world-cup/2026/PMSR-M99-NOR-V-ENG.pdf,Paired substitution times on the FIFA PMSR team-summary page.,608.5
99,Quarter-final,England,Norway,120,8,Elliot Anderson,14805.2,5355.9,6819.3,1850.9,637.7,141.4,162.0,44.0,29.7,93.0,86.0,92.0,5.0,1.0,1.0,19.0,16.0,84.0,2.0,0.0,2.0,0.0,0.0,71.0,41.0,7.0,1.0,1.0,11.0,10.0,37.0,3,1,1.0,1.0,8.0,23.0,0.0,0.0,0.0,5.0,7.0,35.0,14.0,5.0,5.0,Elliot Anderson,MF,True,120.0,https://www.fifatrainingcentre.com/media/native/tournaments/fifa-world-cup/2026/PMSR-M99-NOR-V-ENG.pdf,https://www.fifatrainingcentre.com/media/native/tournaments/fifa-world-cup/2026/PMSR-M99-NOR-V-ENG.pdf,Paired substitution times on the FIFA PMSR team-summary page.,779.1
99,Quarter-final,England,Norway,120,9,Harry Kane,14760.9,5978.8,5938.2,2016.8,679.6,147.5,164.0,41.0,30.1,18.0,13.0,72.0,1.0,0.0,0.0,5.0,4.0,80.0,0.0,0.0,0.0,3.0,0.0,17.0,4.0,2.0,0.0,1.0,10.0,0.0,3.0,2,1,1.0,0.0,4.0,50.0,4.0,0.0,4.0,3.0,5.0,35.0,19.0,2.0,3.0,Harry Kane,FW,True,120.0,https://www.fifatrainingcentre.com/media/native/tournaments/fifa-world-cup/2026/PMSR-M99-NOR-V-ENG.pdf,https://www.fifatrainingcentre.com/media/native/tournaments/fifa-world-cup/2026/PMSR-M99-NOR-V-ENG.pdf,Paired substitution times on the FIFA PMSR team-summary page.,827.1
99,Quarter-final,England,Norway,120,10,Jude Bellingham,12800.9,5488.0,4495.1,1927.3,715.6,174.8,151.0,59.0,30.3,42.0,34.0,81.0,2.0,0.0,0.0,9.0,4.0,44.0,6.0,5.0,1.0,5.0,2.0,84.0,20.0,34.0,0.0,3.0,24.0,3.0,25.0,1,0,2.0,0.0,4.0,33.0,1.0,0.0,1.0,2.0,1.0,38.0,22.0,1.0,3.0,Jude Bellingham,MF,True,120.0,https://www.fifatrainingcentre.com/media/native/tournaments/fifa-world-cup/2026/PMSR-M99-NOR-V-ENG.pdf,https://www.fifatrainingcentre.com/media/native/tournaments/fifa-world-cup/2026/PMSR-M99-NOR-V-ENG.pdf,Paired substitution times on the FIFA PMSR team-summary page.,890.4000000000001
99,Quarter-final,England,Norway,120,15,Dan Burn,1093.8,496.1,449.8,123.3,24.5,0.0,10.0,3.0,23.2,1.0,1.0,100.0,0.0,0.0,0.0,0.0,0.0,0.0,0.0,0.0,0.0,0.0,0.0,1.0,1.0,0.0,0.0,0.0,0.0,0.0,1.0,0,0,0.0,0.0,0.0,0.0,1.0,0.0,1.0,2.0,0.0,0.0,0.0,2.0,0.0,Dan Burn,DF,False,0.0,https://www.fifatrainingcentre.com/media/native/tournaments/fifa-world-cup/2026/PMSR-M99-NOR-V-ENG.pdf,https://www.fifatrainingcentre.com/media/native/tournaments/fifa-world-cup/2026/PMSR-M99-NOR-V-ENG.pdf,Paired substitution times on the FIFA PMSR team-summary page.,24.5
99,Quarter-final,England,Norway,120,17,Morgan Rogers,5268.7,1701.7,2426.9,808.4,229.7,102.0,75.0,19.0,33.6,13.0,13.0,100.0,0.0,0.0,0.0,0.0,0.0,0.0,1.0,1.0,0.0,1.0,0.0,22.0,11.0,8.0,1.0,0.0,0.0,2.0,6.0,1,0,3.0,0.0,4.0,8.0,0.0,0.0,0.0,0.0,2.0,12.0,5.0,2.0,1.0,Morgan Rogers,MF,False,31.0,https://www.fifatrainingcentre.com/media/native/tournaments/fifa-world-cup/2026/PMSR-M99-NOR-V-ENG.pdf,https://www.fifatrainingcentre.com/media/native/tournaments/fifa-world-cup/2026/PMSR-M99-NOR-V-ENG.pdf,Paired substitution times on the FIFA PMSR team-summary page.,331.7
99,Quarter-final,England,Norway,120,18,Anthony Gordon,6856.8,3332.3,2158.9,799.0,327.7,238.8,60.0,33.0,35.2,33.0,28.0,85.0,0.0,2.0,1.0,12.0,8.0,67.0,10.0,9.0,1.0,0.0,0.0,41.0,11.0,5.0,2.0,0.0,16.0,7.0,21.0,3,0,1.0,0.0,2.0,20.0,0.0,0.0,0.0,2.0,2.0,16.0,14.0,2.0,2.0,Anthony Gordon,FW,True,71.0,https://www.fifatrainingcentre.com/media/native/tournaments/fifa-world-cup/2026/PMSR-M99-NOR-V-ENG.pdf,https://www.fifatrainingcentre.com/media/native/tournaments/fifa-world-cup/2026/PMSR-M99-NOR-V-ENG.pdf,Paired substitution times on the FIFA PMSR team-summary page.,566.5
99,Quarter-final,England,Norway,120,20,Noni Madueke,4538.9,2252.1,1389.0,468.7,261.1,168.0,33.0,23.0,32.7,17.0,17.0,100.0,0.0,3.0,1.0,3.0,3.0,100.0,3.0,2.0,1.0,0.0,0.0,32.0,4.0,0.0,0.0,0.0,16.0,12.0,10.0,1,1,0.0,0.0,3.0,11.0,0.0,0.0,0.0,0.0,1.0,7.0,3.0,1.0,0.0,Noni Madueke,FW,True,45.0,https://www.fifatrainingcentre.com/media/native/tournaments/fifa-world-cup/2026/PMSR-M99-NOR-V-ENG.pdf,https://www.fifatrainingcentre.com/media/native/tournaments/fifa-world-cup/2026/PMSR-M99-NOR-V-ENG.pdf,Paired substitution times on the FIFA PMSR team-summary page.,429.1
99,Quarter-final,England,Norway,120,21,Eberechi Eze,8724.6,3312.2,3657.7,1193.0,459.1,102.6,110.0,36.0,28.0,16.0,14.0,88.0,1.0,2.0,0.0,5.0,4.0,80.0,3.0,2.0,1.0,1.0,0.0,6.0,1.0,0.0,1.0,0.0,2.0,2.0,2.0,0,0,2.0,0.0,0.0,31.0,0.0,0.0,0.0,1.0,4.0,26.0,21.0,2.0,0.0,Eberechi Eze,MF,False,75.0,https://www.fifatrainingcentre.com/media/native/tournaments/fifa-world-cup/2026/PMSR-M99-NOR-V-ENG.pdf,https://www.fifatrainingcentre.com/media/native/tournaments/fifa-world-cup/2026/PMSR-M99-NOR-V-ENG.pdf,Paired substitution times on the FIFA PMSR team-summary page.,561.7
99,Quarter-final,England,Norway,120,24,Reece James,6471.3,2887.1,2722.9,618.6,177.3,65.5,52.0,17.0,29.4,36.0,32.0,89.0,1.0,1.0,1.0,13.0,9.0,69.0,0.0,0.0,0.0,0.0,0.0,35.0,18.0,3.0,1.0,0.0,1.0,12.0,15.0,4,1,1.0,0.0,6.0,14.0,0.0,0.0,0.0,4.0,3.0,26.0,14.0,2.0,5.0,Reece James,DF,False,49.0,https://www.fifatrainingcentre.com/media/native/tournaments/fifa-world-cup/2026/PMSR-M99-NOR-V-ENG.pdf,https://www.fifatrainingcentre.com/media/native/tournaments/fifa-world-cup/2026/PMSR-M99-NOR-V-ENG.pdf,Paired substitution times on the FIFA PMSR team-summary page.,242.8
99,Quarter-final,England,Norway,120,25,Djed Spence,4571.7,2153.7,1621.9,442.8,185.3,167.9,36.0,16.0,33.5,18.0,15.0,83.0,0.0,0.0,0.0,5.0,4.0,80.0,3.0,1.0,2.0,1.0,0.0,7.0,3.0,0.0,0.0,0.0,1.0,3.0,2.0,2,1,2.0,1.0,3.0,16.0,1.0,0.0,1.0,3.0,2.0,13.0,11.0,2.0,4.0,Djed Spence,DF,False,34.0,https://www.fifatrainingcentre.com/media/native/tournaments/fifa-world-cup/2026/PMSR-M99-NOR-V-ENG.pdf,https://www.fifatrainingcentre.com/media/native/tournaments/fifa-world-cup/2026/PMSR-M99-NOR-V-ENG.pdf,Paired substitution times on the FIFA PMSR team-summary page.,353.20000000000005
102,Semi-final,England,Argentina,90,1,Jordan Pickford,5626.3,4109.5,1342.2,169.3,5.3,0.0,13.0,1.0,20.8,42.0,23.0,55.0,0.0,0.0,0.0,23.0,8.0,35.0,0.0,0.0,0.0,0.0,0.0,18.0,0.0,0.0,0.0,0.0,0.0,18.0,17.0,0,0,0.0,0.0,0.0,0.0,0.0,0.0,0.0,0.0,0.0,0.0,0.0,2.0,0.0,Jordan Pickford,GK,True,90.0,https://www.fifatrainingcentre.com/media/native/tournaments/fifa-world-cup/2026/PMSR-M102-ENG-V-ARG.pdf,https://www.fifatrainingcentre.com/media/native/tournaments/fifa-world-cup/2026/PMSR-M102-ENG-V-ARG.pdf,Paired substitution times on the FIFA PMSR team-summary page.,5.3
102,Semi-final,England,Argentina,90,2,Ezri Konsa,2786.0,1176.7,1110.3,375.6,100.5,22.9,36.0,10.0,31.0,12.0,10.0,83.0,0.0,2.0,0.0,3.0,3.0,100.0,1.0,1.0,0.0,0.0,0.0,1.0,0.0,1.0,0.0,0.0,0.0,0.0,0.0,0,0,0.0,0.0,1.0,4.0,0.0,0.0,0.0,1.0,2.0,4.0,4.0,1.0,0.0,Ezri Konsa,DF,False,18.0,https://www.fifatrainingcentre.com/media/native/tournaments/fifa-world-cup/2026/PMSR-M102-ENG-V-ARG.pdf,https://www.fifatrainingcentre.com/media/native/tournaments/fifa-world-cup/2026/PMSR-M102-ENG-V-ARG.pdf,Paired substitution times on the FIFA PMSR team-summary page.,123.4
102,Semi-final,England,Argentina,90,3,Nico Oreilly,2032.3,732.5,675.6,465.1,134.3,24.9,35.0,11.0,33.0,1.0,1.0,100.0,0.0,0.0,0.0,0.0,0.0,0.0,0.0,0.0,0.0,0.0,0.0,1.0,1.0,0.0,0.0,0.0,0.0,0.0,0.0,0,0,3.0,0.0,0.0,10.0,1.0,0.0,1.0,0.0,0.0,5.0,4.0,1.0,2.0,Nico Oreilly,DF,False,7.0,https://www.fifatrainingcentre.com/media/native/tournaments/fifa-world-cup/2026/PMSR-M102-ENG-V-ARG.pdf,https://www.fifatrainingcentre.com/media/native/tournaments/fifa-world-cup/2026/PMSR-M102-ENG-V-ARG.pdf,Paired substitution times on the FIFA PMSR team-summary page.,159.20000000000002
102,Semi-final,England,Argentina,90,4,Declan Rice,8835.5,3187.9,3767.9,1199.2,469.6,210.8,95.0,37.0,30.8,31.0,25.0,81.0,0.0,1.0,0.0,9.0,9.0,100.0,1.0,0.0,1.0,1.0,0.0,43.0,12.0,6.0,0.0,7.0,5.0,13.0,12.0,2,0,2.0,1.0,2.0,21.0,0.0,0.0,0.0,2.0,5.0,30.0,9.0,2.0,3.0,Declan Rice,MF,True,83.0,https://www.fifatrainingcentre.com/media/native/tournaments/fifa-world-cup/2026/PMSR-M102-ENG-V-ARG.pdf,https://www.fifatrainingcentre.com/media/native/tournaments/fifa-world-cup/2026/PMSR-M102-ENG-V-ARG.pdf,Paired substitution times on the FIFA PMSR team-summary page.,680.4000000000001
102,Semi-final,England,Argentina,90,5,John Stones,8556.0,3688.2,3385.1,1055.4,358.7,68.6,98.0,28.0,27.8,37.0,37.0,100.0,0.0,0.0,0.0,3.0,3.0,100.0,0.0,0.0,0.0,1.0,0.0,13.0,1.0,0.0,0.0,0.0,0.0,12.0,9.0,1,0,0.0,0.0,1.0,3.0,4.0,0.0,4.0,8.0,2.0,14.0,4.0,2.0,4.0,John Stones,DF,True,90.0,https://www.fifatrainingcentre.com/media/native/tournaments/fifa-world-cup/2026/PMSR-M102-ENG-V-ARG.pdf,https://www.fifatrainingcentre.com/media/native/tournaments/fifa-world-cup/2026/PMSR-M102-ENG-V-ARG.pdf,Paired substitution times on the FIFA PMSR team-summary page.,427.29999999999995
102,Semi-final,England,Argentina,90,6,Marc Guehi,9221.7,3992.3,3847.6,929.2,257.2,195.4,79.0,25.0,32.7,56.0,55.0,98.0,0.0,0.0,0.0,7.0,6.0,86.0,0.0,0.0,0.0,0.0,0.0,20.0,3.0,0.0,0.0,0.0,1.0,16.0,12.0,0,0,0.0,1.0,0.0,4.0,1.0,0.0,2.0,4.0,6.0,16.0,3.0,2.0,2.0,Marc Guehi,DF,True,90.0,https://www.fifatrainingcentre.com/media/native/tournaments/fifa-world-cup/2026/PMSR-M102-ENG-V-ARG.pdf,https://www.fifatrainingcentre.com/media/native/tournaments/fifa-world-cup/2026/PMSR-M102-ENG-V-ARG.pdf,Paired substitution times on the FIFA PMSR team-summary page.,452.6
102,Semi-final,England,Argentina,90,8,Elliot Anderson,10826.6,3889.0,4985.4,1402.8,490.4,58.8,128.0,35.0,27.7,52.0,42.0,81.0,2.0,0.0,0.0,15.0,11.0,73.0,1.0,0.0,1.0,0.0,0.0,35.0,22.0,4.0,0.0,0.0,1.0,8.0,13.0,8,2,2.0,3.0,11.0,24.0,5.0,0.0,5.0,5.0,10.0,50.0,18.0,9.0,4.0,Elliot Anderson,MF,True,90.0,https://www.fifatrainingcentre.com/media/native/tournaments/fifa-world-cup/2026/PMSR-M102-ENG-V-ARG.pdf,https://www.fifatrainingcentre.com/media/native/tournaments/fifa-world-cup/2026/PMSR-M102-ENG-V-ARG.pdf,Paired substitution times on the FIFA PMSR team-summary page.,549.1999999999999
102,Semi-final,England,Argentina,90,9,Harry Kane,10718.4,4507.4,4407.0,1236.4,402.2,165.3,95.0,27.0,30.0,15.0,9.0,60.0,0.0,1.0,0.0,9.0,5.0,56.0,2.0,1.0,1.0,1.0,0.0,19.0,6.0,10.0,0.0,0.0,3.0,0.0,8.0,2,0,1.0,0.0,3.0,29.0,1.0,0.0,1.0,1.0,2.0,24.0,11.0,1.0,1.0,Harry Kane,FW,True,90.0,https://www.fifatrainingcentre.com/media/native/tournaments/fifa-world-cup/2026/PMSR-M102-ENG-V-ARG.pdf,https://www.fifatrainingcentre.com/media/native/tournaments/fifa-world-cup/2026/PMSR-M102-ENG-V-ARG.pdf,Paired substitution times on the FIFA PMSR team-summary page.,567.5
102,Semi-final,England,Argentina,90,10,Jude Bellingham,10526.4,4294.5,3619.9,1660.5,684.4,267.1,141.0,58.0,32.2,25.0,21.0,84.0,0.0,0.0,0.0,6.0,5.0,83.0,5.0,3.0,2.0,0.0,0.0,44.0,4.0,20.0,0.0,3.0,15.0,2.0,11.0,2,0,2.0,1.0,9.0,57.0,0.0,1.0,1.0,3.0,5.0,57.0,32.0,3.0,3.0,Jude Bellingham,MF,True,90.0,https://www.fifatrainingcentre.com/media/native/tournaments/fifa-world-cup/2026/PMSR-M102-ENG-V-ARG.pdf,https://www.fifatrainingcentre.com/media/native/tournaments/fifa-world-cup/2026/PMSR-M102-ENG-V-ARG.pdf,Paired substitution times on the FIFA PMSR team-summary page.,951.5
102,Semi-final,England,Argentina,90,11,Marcus Rashford,777.6,271.3,287.0,134.0,48.3,37.0,12.0,3.0,30.4,1.0,1.0,100.0,0.0,1.0,0.0,1.0,1.0,100.0,1.0,1.0,0.0,0.0,0.0,1.0,0.0,0.0,0.0,0.0,0.0,1.0,0.0,0,0,0.0,0.0,0.0,0.0,0.0,0.0,0.0,0.0,1.0,0.0,0.0,0.0,0.0,Marcus Rashford,FW,False,0.0,https://www.fifatrainingcentre.com/media/native/tournaments/fifa-world-cup/2026/PMSR-M102-ENG-V-ARG.pdf,https://www.fifatrainingcentre.com/media/native/tournaments/fifa-world-cup/2026/PMSR-M102-ENG-V-ARG.pdf,Paired substitution times on the FIFA PMSR team-summary page.,85.3
102,Semi-final,England,Argentina,90,15,Dan Burn,1827.1,833.8,696.8,194.0,53.8,48.7,17.0,6.0,30.8,0.0,0.0,0.0,0.0,0.0,0.0,0.0,0.0,0.0,0.0,0.0,0.0,0.0,0.0,4.0,0.0,0.0,0.0,0.0,3.0,1.0,1.0,0,0,0.0,0.0,0.0,0.0,2.0,0.0,2.0,0.0,0.0,2.0,0.0,0.0,0.0,Dan Burn,DF,False,8.0,https://www.fifatrainingcentre.com/media/native/tournaments/fifa-world-cup/2026/PMSR-M102-ENG-V-ARG.pdf,https://www.fifatrainingcentre.com/media/native/tournaments/fifa-world-cup/2026/PMSR-M102-ENG-V-ARG.pdf,Paired substitution times on the FIFA PMSR team-summary page.,102.5
102,Semi-final,England,Argentina,90,17,Morgan Rogers,10995.0,4131.9,4283.7,1768.3,555.3,255.7,147.0,50.0,31.2,11.0,11.0,100.0,0.0,4.0,1.0,7.0,6.0,86.0,4.0,4.0,0.0,1.0,0.0,39.0,2.0,5.0,2.0,2.0,21.0,7.0,7.0,0,0,2.0,0.0,2.0,50.0,0.0,0.0,0.0,0.0,4.0,27.0,21.0,0.0,2.0,Morgan Rogers,MF,True,90.0,https://www.fifatrainingcentre.com/media/native/tournaments/fifa-world-cup/2026/PMSR-M102-ENG-V-ARG.pdf,https://www.fifatrainingcentre.com/media/native/tournaments/fifa-world-cup/2026/PMSR-M102-ENG-V-ARG.pdf,Paired substitution times on the FIFA PMSR team-summary page.,811.0
102,Semi-final,England,Argentina,90,18,Anthony Gordon,7363.2,3301.8,2227.6,995.0,481.1,357.7,90.0,43.0,35.0,14.0,9.0,64.0,0.0,2.0,0.0,7.0,3.0,43.0,4.0,4.0,0.0,1.0,1.0,32.0,2.0,3.0,3.0,1.0,15.0,8.0,10.0,4,0,1.0,0.0,3.0,33.0,0.0,0.0,0.0,0.0,4.0,25.0,14.0,0.0,1.0,Anthony Gordon,FW,True,72.0,https://www.fifatrainingcentre.com/media/native/tournaments/fifa-world-cup/2026/PMSR-M102-ENG-V-ARG.pdf,https://www.fifatrainingcentre.com/media/native/tournaments/fifa-world-cup/2026/PMSR-M102-ENG-V-ARG.pdf,Paired substitution times on the FIFA PMSR team-summary page.,838.8
102,Semi-final,England,Argentina,90,22,Ivan Toney,854.0,253.3,310.7,175.7,112.0,2.3,14.0,6.0,25.3,1.0,1.0,100.0,0.0,0.0,0.0,0.0,0.0,0.0,0.0,0.0,0.0,0.0,0.0,5.0,1.0,1.0,0.0,0.0,3.0,0.0,1.0,0,0,0.0,0.0,0.0,1.0,0.0,0.0,0.0,0.0,0.0,1.0,1.0,0.0,0.0,Ivan Toney,FW,False,0.0,https://www.fifatrainingcentre.com/media/native/tournaments/fifa-world-cup/2026/PMSR-M102-ENG-V-ARG.pdf,https://www.fifatrainingcentre.com/media/native/tournaments/fifa-world-cup/2026/PMSR-M102-ENG-V-ARG.pdf,Paired substitution times on the FIFA PMSR team-summary page.,114.3
102,Semi-final,England,Argentina,90,24,Reece James,8161.7,3375.3,3164.4,1130.3,391.3,100.5,80.0,27.0,32.9,30.0,27.0,90.0,0.0,3.0,0.0,8.0,5.0,62.0,1.0,1.0,0.0,0.0,0.0,17.0,9.0,1.0,0.0,0.0,3.0,4.0,9.0,1,1,2.0,2.0,0.0,20.0,1.0,0.0,2.0,1.0,5.0,15.0,13.0,3.0,1.0,Reece James,DF,True,82.0,https://www.fifatrainingcentre.com/media/native/tournaments/fifa-world-cup/2026/PMSR-M102-ENG-V-ARG.pdf,https://www.fifatrainingcentre.com/media/native/tournaments/fifa-world-cup/2026/PMSR-M102-ENG-V-ARG.pdf,Paired substitution times on the FIFA PMSR team-summary page.,491.8
102,Semi-final,England,Argentina,90,25,Djed Spence,8545.9,4148.8,2951.3,846.3,347.4,252.1,74.0,38.0,36.2,25.0,21.0,84.0,0.0,1.0,0.0,13.0,9.0,69.0,5.0,4.0,1.0,0.0,0.0,8.0,0.0,0.0,0.0,0.0,4.0,4.0,2.0,4,2,4.0,2.0,8.0,24.0,0.0,0.0,1.0,4.0,2.0,33.0,16.0,4.0,7.0,Djed Spence,DF,True,90.0,https://www.fifatrainingcentre.com/media/native/tournaments/fifa-world-cup/2026/PMSR-M102-ENG-V-ARG.pdf,https://www.fifatrainingcentre.com/media/native/tournaments/fifa-world-cup/2026/PMSR-M102-ENG-V-ARG.pdf,Paired substitution times on the FIFA PMSR team-summary page.,599.5
103,Third-place,England,France,90,2,Ezri Konsa,9427.2,4883.4,3173.4,855.4,381.8,133.3,81.0,25.0,31.9,48.0,46.0,96.0,0.0,0.0,0.0,10.0,9.0,90.0,1.0,0.0,1.0,1.0,1.0,18.0,4.0,2.0,0.0,0.0,0.0,12.0,3.0,2,2,3.0,3.0,5.0,9.0,2.0,0.0,2.0,1.0,5.0,10.0,6.0,6.0,2.0,Ezri Konsa,DF,True,90.0,https://www.fifatrainingcentre.com/media/native/tournaments/fifa-world-cup/2026/PMSR-M103-FRA-V-ENG.pdf,https://www.fifatrainingcentre.com/media/native/tournaments/fifa-world-cup/2026/PMSR-M103-FRA-V-ENG.pdf,Paired substitution times on the FIFA PMSR team-summary page.,515.1
103,Third-place,England,France,90,4,Declan Rice,10513.3,4346.9,4618.1,950.7,405.4,192.2,82.0,26.0,33.1,92.0,87.0,95.0,0.0,4.0,3.0,29.0,26.0,90.0,2.0,0.0,2.0,1.0,1.0,74.0,48.0,11.0,1.0,1.0,0.0,13.0,39.0,6,3,5.0,3.0,6.0,25.0,0.0,0.0,0.0,0.0,9.0,20.0,8.0,10.0,3.0,Declan Rice,MF,True,90.0,https://www.fifatrainingcentre.com/media/native/tournaments/fifa-world-cup/2026/PMSR-M103-FRA-V-ENG.pdf,https://www.fifatrainingcentre.com/media/native/tournaments/fifa-world-cup/2026/PMSR-M103-FRA-V-ENG.pdf,Paired substitution times on the FIFA PMSR team-summary page.,597.5999999999999
103,Third-place,England,France,90,6,Marc Guehi,9137.8,3838.5,3820.5,872.9,445.5,160.4,77.0,34.0,31.0,77.0,72.0,94.0,0.0,0.0,0.0,20.0,16.0,80.0,2.0,0.0,2.0,0.0,0.0,4.0,1.0,0.0,0.0,0.0,0.0,3.0,2.0,2,0,4.0,0.0,0.0,10.0,0.0,0.0,0.0,2.0,1.0,7.0,4.0,4.0,2.0,Marc Guehi,DF,True,90.0,https://www.fifatrainingcentre.com/media/native/tournaments/fifa-world-cup/2026/PMSR-M103-FRA-V-ENG.pdf,https://www.fifatrainingcentre.com/media/native/tournaments/fifa-world-cup/2026/PMSR-M103-FRA-V-ENG.pdf,Paired substitution times on the FIFA PMSR team-summary page.,605.9
103,Third-place,England,France,90,7,Bukayo Saka,10069.1,4169.2,3430.3,1411.2,772.3,286.2,119.0,54.0,33.0,25.0,19.0,76.0,1.0,4.0,1.0,6.0,5.0,83.0,4.0,4.0,0.0,5.0,3.0,25.0,0.0,4.0,2.0,1.0,12.0,6.0,13.0,4,3,2.0,0.0,3.0,14.0,0.0,0.0,0.0,0.0,7.0,6.0,2.0,4.0,1.0,Bukayo Saka,FW,True,90.0,https://www.fifatrainingcentre.com/media/native/tournaments/fifa-world-cup/2026/PMSR-M103-FRA-V-ENG.pdf,https://www.fifatrainingcentre.com/media/native/tournaments/fifa-world-cup/2026/PMSR-M103-FRA-V-ENG.pdf,Paired substitution times on the FIFA PMSR team-summary page.,1058.5
103,Third-place,England,France,90,8,Elliot Anderson,2056.9,677.9,849.9,318.4,147.5,63.2,27.0,7.0,29.7,11.0,11.0,100.0,0.0,0.0,0.0,2.0,2.0,100.0,0.0,0.0,0.0,0.0,0.0,11.0,5.0,5.0,0.0,0.0,0.0,1.0,4.0,3,1,2.0,0.0,2.0,7.0,0.0,0.0,0.0,0.0,1.0,3.0,3.0,2.0,1.0,Elliot Anderson,MF,False,11.0,https://www.fifatrainingcentre.com/media/native/tournaments/fifa-world-cup/2026/PMSR-M103-FRA-V-ENG.pdf,https://www.fifatrainingcentre.com/media/native/tournaments/fifa-world-cup/2026/PMSR-M103-FRA-V-ENG.pdf,Paired substitution times on the FIFA PMSR team-summary page.,210.7
103,Third-place,England,France,90,10,Jude Bellingham,2245.4,993.9,495.0,371.8,284.5,100.2,28.0,17.0,32.4,10.0,6.0,60.0,1.0,0.0,0.0,5.0,4.0,80.0,3.0,2.0,1.0,2.0,1.0,10.0,1.0,7.0,0.0,0.0,2.0,0.0,6.0,0,0,1.0,0.0,0.0,3.0,0.0,0.0,0.0,0.0,2.0,1.0,1.0,1.0,0.0,Jude Bellingham,MF,False,11.0,https://www.fifatrainingcentre.com/media/native/tournaments/fifa-world-cup/2026/PMSR-M103-FRA-V-ENG.pdf,https://www.fifatrainingcentre.com/media/native/tournaments/fifa-world-cup/2026/PMSR-M103-FRA-V-ENG.pdf,Paired substitution times on the FIFA PMSR team-summary page.,384.7
103,Third-place,England,France,90,11,Marcus Rashford,5367.9,2139.6,2147.2,464.3,323.3,293.4,41.0,27.0,34.1,20.0,19.0,95.0,0.0,3.0,0.0,5.0,3.0,60.0,3.0,2.0,1.0,3.0,0.0,29.0,4.0,3.0,4.0,0.0,15.0,3.0,10.0,0,0,0.0,0.0,0.0,13.0,0.0,0.0,0.0,0.0,3.0,9.0,9.0,0.0,0.0,Marcus Rashford,FW,True,45.0,https://www.fifatrainingcentre.com/media/native/tournaments/fifa-world-cup/2026/PMSR-M103-FRA-V-ENG.pdf,https://www.fifatrainingcentre.com/media/native/tournaments/fifa-world-cup/2026/PMSR-M103-FRA-V-ENG.pdf,Paired substitution times on the FIFA PMSR team-summary page.,616.7
103,Third-place,England,France,90,12,Trevoh Chalobah,626.5,274.1,214.8,112.7,18.8,6.2,11.0,2.0,26.2,0.0,0.0,0.0,0.0,0.0,0.0,0.0,0.0,0.0,0.0,0.0,0.0,0.0,0.0,0.0,0.0,0.0,0.0,0.0,0.0,0.0,0.0,0,0,1.0,0.0,0.0,1.0,0.0,0.0,0.0,0.0,0.0,0.0,0.0,0.0,1.0,Trevoh Chalobah,DF,False,0.0,https://www.fifatrainingcentre.com/media/native/tournaments/fifa-world-cup/2026/PMSR-M103-FRA-V-ENG.pdf,https://www.fifatrainingcentre.com/media/native/tournaments/fifa-world-cup/2026/PMSR-M103-FRA-V-ENG.pdf,Paired substitution times on the FIFA PMSR team-summary page.,25.0
103,Third-place,England,France,90,13,Dean Henderson,5504.6,4381.9,992.6,119.8,10.3,0.0,7.0,1.0,22.7,41.0,32.0,78.0,0.0,0.0,0.0,18.0,10.0,56.0,0.0,0.0,0.0,0.0,0.0,9.0,0.0,0.0,0.0,0.0,0.0,9.0,4.0,0,0,0.0,0.0,0.0,0.0,0.0,0.0,0.0,0.0,2.0,0.0,0.0,4.0,0.0,Dean Henderson,GK,True,90.0,https://www.fifatrainingcentre.com/media/native/tournaments/fifa-world-cup/2026/PMSR-M103-FRA-V-ENG.pdf,https://www.fifatrainingcentre.com/media/native/tournaments/fifa-world-cup/2026/PMSR-M103-FRA-V-ENG.pdf,Paired substitution times on the FIFA PMSR team-summary page.,10.3
103,Third-place,England,France,90,17,Morgan Rogers,11118.8,4347.1,4349.6,1482.9,705.5,233.6,131.0,44.0,32.7,43.0,38.0,88.0,3.0,0.0,0.0,7.0,6.0,86.0,4.0,3.0,1.0,1.0,0.0,28.0,3.0,16.0,3.0,0.0,4.0,2.0,13.0,4,0,0.0,0.0,7.0,23.0,0.0,0.0,0.0,0.0,7.0,17.0,12.0,0.0,1.0,Morgan Rogers,MF,True,90.0,https://www.fifatrainingcentre.com/media/native/tournaments/fifa-world-cup/2026/PMSR-M103-FRA-V-ENG.pdf,https://www.fifatrainingcentre.com/media/native/tournaments/fifa-world-cup/2026/PMSR-M103-FRA-V-ENG.pdf,Paired substitution times on the FIFA PMSR team-summary page.,939.1
103,Third-place,England,France,90,19,Ollie Watkins,5531.9,2165.9,1911.5,712.3,420.8,321.5,57.0,30.0,34.2,9.0,8.0,89.0,0.0,2.0,1.0,3.0,2.0,67.0,2.0,2.0,0.0,1.0,0.0,23.0,0.0,2.0,2.0,0.0,18.0,1.0,6.0,2,1,2.0,0.0,2.0,10.0,2.0,0.0,2.0,0.0,1.0,9.0,7.0,2.0,1.0,Ollie Watkins,FW,False,45.0,https://www.fifatrainingcentre.com/media/native/tournaments/fifa-world-cup/2026/PMSR-M103-FRA-V-ENG.pdf,https://www.fifatrainingcentre.com/media/native/tournaments/fifa-world-cup/2026/PMSR-M103-FRA-V-ENG.pdf,Paired substitution times on the FIFA PMSR team-summary page.,742.3
103,Third-place,England,France,90,21,Eberechi Eze,8687.0,3108.0,3540.8,1479.9,426.4,131.9,119.0,33.0,32.3,57.0,56.0,98.0,0.0,0.0,0.0,10.0,10.0,100.0,6.0,5.0,1.0,3.0,0.0,27.0,12.0,7.0,1.0,1.0,4.0,2.0,14.0,0,0,1.0,0.0,0.0,16.0,0.0,0.0,0.0,1.0,5.0,8.0,5.0,0.0,2.0,Eberechi Eze,MF,True,79.0,https://www.fifatrainingcentre.com/media/native/tournaments/fifa-world-cup/2026/PMSR-M103-FRA-V-ENG.pdf,https://www.fifatrainingcentre.com/media/native/tournaments/fifa-world-cup/2026/PMSR-M103-FRA-V-ENG.pdf,Paired substitution times on the FIFA PMSR team-summary page.,558.3
103,Third-place,England,France,90,22,Ivan Toney,8275.8,3632.3,3188.0,926.2,430.8,98.4,80.0,34.0,28.3,20.0,14.0,70.0,0.0,0.0,0.0,5.0,5.0,100.0,0.0,0.0,0.0,2.0,0.0,35.0,5.0,15.0,2.0,0.0,12.0,1.0,9.0,5,0,2.0,0.0,4.0,16.0,1.0,0.0,1.0,1.0,4.0,6.0,5.0,0.0,3.0,Ivan Toney,FW,True,79.0,https://www.fifatrainingcentre.com/media/native/tournaments/fifa-world-cup/2026/PMSR-M103-FRA-V-ENG.pdf,https://www.fifatrainingcentre.com/media/native/tournaments/fifa-world-cup/2026/PMSR-M103-FRA-V-ENG.pdf,Paired substitution times on the FIFA PMSR team-summary page.,529.2
103,Third-place,England,France,90,24,Reece James,1656.2,739.2,598.1,160.3,122.7,36.0,14.0,8.0,26.7,4.0,4.0,100.0,0.0,0.0,0.0,2.0,2.0,100.0,1.0,1.0,0.0,0.0,0.0,5.0,1.0,0.0,0.0,0.0,1.0,3.0,1.0,1,1,2.0,0.0,0.0,0.0,0.0,0.0,0.0,0.0,1.0,2.0,0.0,1.0,1.0,Reece James,DF,False,7.0,https://www.fifatrainingcentre.com/media/native/tournaments/fifa-world-cup/2026/PMSR-M103-FRA-V-ENG.pdf,https://www.fifatrainingcentre.com/media/native/tournaments/fifa-world-cup/2026/PMSR-M103-FRA-V-ENG.pdf,Paired substitution times on the FIFA PMSR team-summary page.,158.7
103,Third-place,England,France,90,25,Djed Spence,9267.1,4380.9,2896.6,1021.6,525.1,442.9,88.0,49.0,35.0,41.0,35.0,85.0,0.0,0.0,0.0,13.0,9.0,69.0,4.0,3.0,1.0,0.0,0.0,42.0,15.0,1.0,0.0,0.0,8.0,18.0,14.0,7,5,2.0,0.0,8.0,20.0,0.0,0.0,0.0,1.0,4.0,26.0,15.0,5.0,3.0,Djed Spence,DF,True,90.0,https://www.fifatrainingcentre.com/media/native/tournaments/fifa-world-cup/2026/PMSR-M103-FRA-V-ENG.pdf,https://www.fifatrainingcentre.com/media/native/tournaments/fifa-world-cup/2026/PMSR-M103-FRA-V-ENG.pdf,Paired substitution times on the FIFA PMSR team-summary page.,968.0
103,Third-place,England,France,90,26,Jarell Quansah,8229.6,3649.8,3151.1,958.2,390.6,79.9,73.0,30.0,34.1,37.0,32.0,86.0,0.0,0.0,0.0,9.0,7.0,78.0,1.0,0.0,1.0,0.0,0.0,13.0,3.0,1.0,0.0,0.0,3.0,6.0,5.0,3,0,2.0,0.0,7.0,12.0,0.0,0.0,0.0,0.0,6.0,16.0,10.0,0.0,4.0,Jarell Quansah,DF,True,83.0,https://www.fifatrainingcentre.com/media/native/tournaments/fifa-world-cup/2026/PMSR-M103-FRA-V-ENG.pdf,https://www.fifatrainingcentre.com/media/native/tournaments/fifa-world-cup/2026/PMSR-M103-FRA-V-ENG.pdf,Paired substitution times on the FIFA PMSR team-summary page.,470.5
17,Group stage,France,Senegal,90,4,Dayot Upamecano,11136.2,4275.7,4830.4,1115.3,579.4,335.4,91.0,50.0,33.5,80.0,71.0,89.0,0.0,0.0,0.0,25.0,21.0,84.0,1.0,0.0,1.0,0.0,0.0,27.0,2.0,2.0,0.0,0.0,0.0,23.0,13.0,5,4,1.0,3.0,9.0,4.0,1.0,0.0,2.0,4.0,8.0,8.0,5.0,11.0,2.0,Dayot Upamecano,DF,True,90.0,https://www.fifatrainingcentre.com/media/native/tournaments/fifa-world-cup/2026/PMSR-M17-FRA-V-SEN.pdf,https://www.fifatrainingcentre.com/media/native/tournaments/fifa-world-cup/2026/PMSR-M17-FRA-V-SEN.pdf,Paired substitution times on the FIFA PMSR team-summary page.,914.8
17,Group stage,France,Senegal,90,5,Jules Kounde,11434.7,4214.7,4534.2,1624.3,732.2,329.3,148.0,56.0,31.0,64.0,55.0,86.0,0.0,4.0,0.0,13.0,6.0,46.0,0.0,0.0,0.0,0.0,0.0,36.0,6.0,2.0,1.0,1.0,22.0,4.0,14.0,3,0,1.0,1.0,5.0,13.0,2.0,0.0,3.0,4.0,6.0,24.0,10.0,3.0,2.0,Jules Kounde,DF,True,90.0,https://www.fifatrainingcentre.com/media/native/tournaments/fifa-world-cup/2026/PMSR-M17-FRA-V-SEN.pdf,https://www.fifatrainingcentre.com/media/native/tournaments/fifa-world-cup/2026/PMSR-M17-FRA-V-SEN.pdf,Paired substitution times on the FIFA PMSR team-summary page.,1061.5
17,Group stage,France,Senegal,90,7,Ousmane Dembele,9298.9,3363.9,4040.0,1260.0,570.0,65.0,114.0,39.0,27.6,35.0,27.0,77.0,1.0,2.0,0.0,9.0,6.0,67.0,1.0,1.0,0.0,1.0,0.0,19.0,4.0,4.0,0.0,1.0,8.0,2.0,8.0,2,1,0.0,1.0,2.0,38.0,0.0,0.0,0.0,0.0,4.0,33.0,19.0,2.0,0.0,Ousmane Dembele,FW,True,80.0,https://www.fifatrainingcentre.com/media/native/tournaments/fifa-world-cup/2026/PMSR-M17-FRA-V-SEN.pdf,https://www.fifatrainingcentre.com/media/native/tournaments/fifa-world-cup/2026/PMSR-M17-FRA-V-SEN.pdf,Paired substitution times on the FIFA PMSR team-summary page.,635.0
17,Group stage,France,Senegal,90,8,Aurelien Tchouameni,12156.8,4015.0,4947.3,2453.9,542.4,198.3,197.0,41.0,30.1,66.0,63.0,95.0,0.0,0.0,0.0,12.0,12.0,100.0,1.0,0.0,1.0,0.0,0.0,45.0,23.0,3.0,0.0,1.0,0.0,18.0,31.0,5,1,3.0,1.0,6.0,12.0,3.0,0.0,4.0,1.0,3.0,26.0,7.0,4.0,2.0,Aurelien Tchouameni,MF,True,90.0,https://www.fifatrainingcentre.com/media/native/tournaments/fifa-world-cup/2026/PMSR-M17-FRA-V-SEN.pdf,https://www.fifatrainingcentre.com/media/native/tournaments/fifa-world-cup/2026/PMSR-M17-FRA-V-SEN.pdf,Paired substitution times on the FIFA PMSR team-summary page.,740.7
17,Group stage,France,Senegal,90,10,Kylian Mbappe,9686.1,4223.8,3701.9,1048.7,487.2,224.5,87.0,45.0,35.1,16.0,14.0,88.0,0.0,0.0,0.0,3.0,2.0,67.0,9.0,7.0,2.0,4.0,2.0,50.0,1.0,14.0,0.0,1.0,30.0,4.0,11.0,0,0,0.0,1.0,2.0,35.0,0.0,0.0,0.0,0.0,3.0,28.0,18.0,1.0,0.0,Kylian Mbappe,FW,True,90.0,https://www.fifatrainingcentre.com/media/native/tournaments/fifa-world-cup/2026/PMSR-M17-FRA-V-SEN.pdf,https://www.fifatrainingcentre.com/media/native/tournaments/fifa-world-cup/2026/PMSR-M17-FRA-V-SEN.pdf,Paired substitution times on the FIFA PMSR team-summary page.,711.7
17,Group stage,France,Senegal,90,11,Michael Olise,12627.9,3769.0,5613.9,1774.1,1049.2,421.7,149.0,79.0,31.3,58.0,50.0,86.0,0.0,3.0,0.0,24.0,19.0,79.0,6.0,4.0,2.0,2.0,0.0,43.0,15.0,13.0,1.0,3.0,3.0,8.0,21.0,2,0,2.0,0.0,4.0,41.0,0.0,0.0,0.0,0.0,9.0,36.0,26.0,1.0,3.0,Michael Olise,FW,True,90.0,https://www.fifatrainingcentre.com/media/native/tournaments/fifa-world-cup/2026/PMSR-M17-FRA-V-SEN.pdf,https://www.fifatrainingcentre.com/media/native/tournaments/fifa-world-cup/2026/PMSR-M17-FRA-V-SEN.pdf,Paired substitution times on the FIFA PMSR team-summary page.,1470.9
17,Group stage,France,Senegal,90,12,Bradley Barcola,2294.6,907.3,825.1,232.8,161.4,168.1,21.0,9.0,33.9,6.0,6.0,100.0,0.0,0.0,0.0,3.0,2.0,67.0,2.0,2.0,0.0,1.0,1.0,8.0,0.0,0.0,0.0,0.0,4.0,4.0,5.0,0,0,0.0,0.0,0.0,6.0,1.0,0.0,1.0,0.0,0.0,0.0,0.0,0.0,0.0,Bradley Barcola,FW,False,10.0,https://www.fifatrainingcentre.com/media/native/tournaments/fifa-world-cup/2026/PMSR-M17-FRA-V-SEN.pdf,https://www.fifatrainingcentre.com/media/native/tournaments/fifa-world-cup/2026/PMSR-M17-FRA-V-SEN.pdf,Paired substitution times on the FIFA PMSR team-summary page.,329.5
17,Group stage,France,Senegal,90,14,Adrien Rabiot,12307.0,4374.3,5080.4,1938.1,700.8,213.4,176.0,54.0,29.0,50.0,44.0,88.0,0.0,0.0,0.0,15.0,14.0,93.0,4.0,1.0,3.0,0.0,0.0,22.0,9.0,4.0,0.0,0.0,8.0,1.0,8.0,2,2,4.0,0.0,5.0,16.0,2.0,0.0,2.0,1.0,6.0,22.0,12.0,2.0,0.0,Adrien Rabiot,MF,True,90.0,https://www.fifatrainingcentre.com/media/native/tournaments/fifa-world-cup/2026/PMSR-M17-FRA-V-SEN.pdf,https://www.fifatrainingcentre.com/media/native/tournaments/fifa-world-cup/2026/PMSR-M17-FRA-V-SEN.pdf,Paired substitution times on the FIFA PMSR team-summary page.,914.1999999999999
17,Group stage,France,Senegal,90,16,Mike Maignan,5819.7,4259.9,1377.1,167.5,15.3,0.0,16.0,1.0,21.7,46.0,35.0,76.0,1.0,0.0,0.0,18.0,9.0,50.0,0.0,0.0,0.0,0.0,0.0,12.0,0.0,0.0,0.0,0.0,0.0,12.0,6.0,0,0,0.0,0.0,0.0,0.0,0.0,0.0,0.0,0.0,7.0,0.0,0.0,8.0,0.0,Mike Maignan,GK,True,90.0,https://www.fifatrainingcentre.com/media/native/tournaments/fifa-world-cup/2026/PMSR-M17-FRA-V-SEN.pdf,https://www.fifatrainingcentre.com/media/native/tournaments/fifa-world-cup/2026/PMSR-M17-FRA-V-SEN.pdf,Paired substitution times on the FIFA PMSR team-summary page.,15.3
17,Group stage,France,Senegal,90,17,William Saliba,10595.2,4381.5,4147.5,1155.5,631.1,279.6,97.0,44.0,32.3,71.0,71.0,100.0,2.0,0.0,0.0,8.0,8.0,100.0,1.0,0.0,1.0,0.0,0.0,17.0,3.0,0.0,0.0,0.0,0.0,14.0,11.0,1,0,2.0,1.0,1.0,2.0,1.0,0.0,1.0,5.0,3.0,7.0,0.0,2.0,4.0,William Saliba,DF,True,90.0,https://www.fifatrainingcentre.com/media/native/tournaments/fifa-world-cup/2026/PMSR-M17-FRA-V-SEN.pdf,https://www.fifatrainingcentre.com/media/native/tournaments/fifa-world-cup/2026/PMSR-M17-FRA-V-SEN.pdf,Paired substitution times on the FIFA PMSR team-summary page.,910.7
17,Group stage,France,Senegal,90,19,Theo Hernandez,10782.5,4176.2,4508.2,1212.4,660.6,225.0,101.0,49.0,33.2,48.0,44.0,92.0,0.0,0.0,0.0,17.0,14.0,82.0,5.0,2.0,3.0,1.0,0.0,24.0,6.0,4.0,0.0,1.0,8.0,5.0,11.0,5,3,1.0,1.0,4.0,19.0,2.0,0.0,2.0,1.0,7.0,15.0,6.0,5.0,3.0,Theo Hernandez,DF,True,90.0,https://www.fifatrainingcentre.com/media/native/tournaments/fifa-world-cup/2026/PMSR-M17-FRA-V-SEN.pdf,https://www.fifatrainingcentre.com/media/native/tournaments/fifa-world-cup/2026/PMSR-M17-FRA-V-SEN.pdf,Paired substitution times on the FIFA PMSR team-summary page.,885.6
17,Group stage,France,Senegal,90,20,Desire Doue,10381.6,3373.3,4628.5,1413.2,709.9,256.8,121.0,55.0,31.7,36.0,31.0,86.0,0.0,0.0,0.0,9.0,5.0,56.0,6.0,5.0,1.0,2.0,0.0,60.0,13.0,7.0,2.0,0.0,16.0,22.0,18.0,4,0,2.0,1.0,10.0,36.0,1.0,0.0,2.0,2.0,2.0,43.0,28.0,3.0,0.0,Desire Doue,FW,True,87.0,https://www.fifatrainingcentre.com/media/native/tournaments/fifa-world-cup/2026/PMSR-M17-FRA-V-SEN.pdf,https://www.fifatrainingcentre.com/media/native/tournaments/fifa-world-cup/2026/PMSR-M17-FRA-V-SEN.pdf,Paired substitution times on the FIFA PMSR team-summary page.,966.7
17,Group stage,France,Senegal,90,24,Rayan Cherki,1658.4,521.9,598.5,281.1,149.6,107.3,21.0,11.0,30.0,8.0,5.0,62.0,0.0,0.0,0.0,0.0,0.0,0.0,1.0,0.0,1.0,0.0,0.0,10.0,4.0,1.0,1.0,2.0,1.0,1.0,4.0,1,0,0.0,0.0,1.0,6.0,0.0,0.0,0.0,0.0,0.0,6.0,4.0,0.0,0.0,Rayan Cherki,MF,False,3.0,https://www.fifatrainingcentre.com/media/native/tournaments/fifa-world-cup/2026/PMSR-M17-FRA-V-SEN.pdf,https://www.fifatrainingcentre.com/media/native/tournaments/fifa-world-cup/2026/PMSR-M17-FRA-V-SEN.pdf,Paired substitution times on the FIFA PMSR team-summary page.,256.9
42,Group stage,France,Iraq,90,2,Malo Gusto,1092.4,360.9,608.0,89.9,28.5,5.1,7.0,3.0,26.2,7.0,6.0,86.0,0.0,0.0,0.0,2.0,1.0,50.0,0.0,0.0,0.0,0.0,0.0,5.0,1.0,0.0,0.0,0.0,2.0,2.0,3.0,1,0,0.0,1.0,1.0,0.0,0.0,0.0,0.0,0.0,0.0,11.0,0.0,1.0,0.0,Malo Gusto,DF,False,7.0,https://www.fifatrainingcentre.com/media/native/tournaments/fifa-world-cup/2026/PMSR-M42-FRA-V-IRQ.pdf,https://www.fifatrainingcentre.com/media/native/tournaments/fifa-world-cup/2026/PMSR-M42-FRA-V-IRQ.pdf,Paired substitution times on the FIFA PMSR team-summary page.,33.6
42,Group stage,France,Iraq,90,3,Lucas Digne,10606.4,4647.8,3779.1,1410.0,624.3,145.2,119.0,43.0,30.0,65.0,59.0,91.0,0.0,7.0,1.0,14.0,12.0,86.0,0.0,0.0,0.0,0.0,0.0,21.0,5.0,0.0,0.0,0.0,11.0,5.0,9.0,0,0,2.0,0.0,3.0,10.0,1.0,0.0,1.0,4.0,7.0,16.0,6.0,3.0,3.0,Lucas Digne,DF,True,90.0,https://www.fifatrainingcentre.com/media/native/tournaments/fifa-world-cup/2026/PMSR-M42-FRA-V-IRQ.pdf,https://www.fifatrainingcentre.com/media/native/tournaments/fifa-world-cup/2026/PMSR-M42-FRA-V-IRQ.pdf,Paired substitution times on the FIFA PMSR team-summary page.,769.5
42,Group stage,France,Iraq,90,4,Dayot Upamecano,9601.7,4171.5,4183.5,838.7,324.4,83.6,77.0,27.0,30.2,76.0,74.0,97.0,0.0,0.0,0.0,26.0,24.0,92.0,0.0,0.0,0.0,0.0,0.0,15.0,1.0,0.0,0.0,0.0,1.0,13.0,8.0,1,1,3.0,2.0,2.0,3.0,2.0,1.0,3.0,2.0,7.0,16.0,2.0,7.0,2.0,Dayot Upamecano,DF,True,90.0,https://www.fifatrainingcentre.com/media/native/tournaments/fifa-world-cup/2026/PMSR-M42-FRA-V-IRQ.pdf,https://www.fifatrainingcentre.com/media/native/tournaments/fifa-world-cup/2026/PMSR-M42-FRA-V-IRQ.pdf,Paired substitution times on the FIFA PMSR team-summary page.,408.0
42,Group stage,France,Iraq,90,5,Jules Kounde,9145.5,3374.0,4062.9,1160.1,452.6,95.9,115.0,36.0,29.7,45.0,41.0,91.0,0.0,1.0,0.0,15.0,12.0,80.0,3.0,2.0,1.0,0.0,0.0,43.0,13.0,6.0,0.0,0.0,10.0,14.0,14.0,4,2,3.0,1.0,6.0,15.0,1.0,0.0,1.0,2.0,5.0,48.0,9.0,3.0,4.0,Jules Kounde,DF,True,83.0,https://www.fifatrainingcentre.com/media/native/tournaments/fifa-world-cup/2026/PMSR-M42-FRA-V-IRQ.pdf,https://www.fifatrainingcentre.com/media/native/tournaments/fifa-world-cup/2026/PMSR-M42-FRA-V-IRQ.pdf,Paired substitution times on the FIFA PMSR team-summary page.,548.5
42,Group stage,France,Iraq,90,6,Manu Kone,10754.6,3648.6,4907.1,1816.7,356.1,26.1,151.0,30.0,27.8,72.0,66.0,92.0,0.0,0.0,0.0,11.0,9.0,82.0,3.0,2.0,1.0,1.0,0.0,40.0,25.0,6.0,0.0,0.0,0.0,9.0,18.0,4,2,2.0,3.0,2.0,16.0,0.0,0.0,1.0,1.0,10.0,35.0,5.0,6.0,4.0,Manu Kone,MF,True,90.0,https://www.fifatrainingcentre.com/media/native/tournaments/fifa-world-cup/2026/PMSR-M42-FRA-V-IRQ.pdf,https://www.fifatrainingcentre.com/media/native/tournaments/fifa-world-cup/2026/PMSR-M42-FRA-V-IRQ.pdf,Paired substitution times on the FIFA PMSR team-summary page.,382.20000000000005
42,Group stage,France,Iraq,90,7,Ousmane Dembele,7562.0,3190.0,2788.7,1029.1,460.4,93.8,96.0,36.0,29.3,44.0,38.0,86.0,0.0,4.0,1.0,12.0,8.0,67.0,7.0,7.0,0.0,4.0,1.0,29.0,9.0,3.0,2.0,0.0,6.0,9.0,18.0,3,1,0.0,0.0,1.0,51.0,0.0,0.0,0.0,0.0,6.0,32.0,23.0,1.0,1.0,Ousmane Dembele,FW,True,67.0,https://www.fifatrainingcentre.com/media/native/tournaments/fifa-world-cup/2026/PMSR-M42-FRA-V-IRQ.pdf,https://www.fifatrainingcentre.com/media/native/tournaments/fifa-world-cup/2026/PMSR-M42-FRA-V-IRQ.pdf,Paired substitution times on the FIFA PMSR team-summary page.,554.1999999999999
42,Group stage,France,Iraq,90,9,Marcus Thuram,295.8,87.7,113.1,74.0,21.0,0.0,5.0,2.0,22.1,0.0,0.0,0.0,0.0,0.0,0.0,0.0,0.0,0.0,0.0,0.0,0.0,0.0,0.0,3.0,0.0,0.0,0.0,0.0,3.0,0.0,0.0,0,0,0.0,0.0,0.0,0.0,0.0,0.0,0.0,0.0,0.0,0.0,0.0,0.0,0.0,Marcus Thuram,FW,False,0.0,https://www.fifatrainingcentre.com/media/native/tournaments/fifa-world-cup/2026/PMSR-M42-FRA-V-IRQ.pdf,https://www.fifatrainingcentre.com/media/native/tournaments/fifa-world-cup/2026/PMSR-M42-FRA-V-IRQ.pdf,Paired substitution times on the FIFA PMSR team-summary page.,21.0
42,Group stage,France,Iraq,90,10,Kylian Mbappe,8679.1,4187.8,3085.9,754.7,401.7,249.0,66.0,35.0,33.4,38.0,35.0,92.0,2.0,2.0,0.0,9.0,9.0,100.0,12.0,9.0,3.0,8.0,2.0,61.0,17.0,18.0,1.0,2.0,20.0,3.0,28.0,4,2,0.0,0.0,3.0,24.0,0.0,0.0,0.0,0.0,3.0,21.0,13.0,2.0,1.0,Kylian Mbappe,FW,True,90.0,https://www.fifatrainingcentre.com/media/native/tournaments/fifa-world-cup/2026/PMSR-M42-FRA-V-IRQ.pdf,https://www.fifatrainingcentre.com/media/native/tournaments/fifa-world-cup/2026/PMSR-M42-FRA-V-IRQ.pdf,Paired substitution times on the FIFA PMSR team-summary page.,650.7
42,Group stage,France,Iraq,90,11,Michael Olise,8752.1,2636.6,4196.5,1193.2,478.0,247.7,97.0,38.0,34.7,40.0,34.0,85.0,0.0,0.0,0.0,16.0,12.0,75.0,5.0,5.0,0.0,3.0,0.0,33.0,8.0,6.0,2.0,2.0,11.0,4.0,7.0,1,0,0.0,1.0,1.0,40.0,1.0,0.0,1.0,0.0,7.0,21.0,12.0,1.0,0.0,Michael Olise,FW,True,68.0,https://www.fifatrainingcentre.com/media/native/tournaments/fifa-world-cup/2026/PMSR-M42-FRA-V-IRQ.pdf,https://www.fifatrainingcentre.com/media/native/tournaments/fifa-world-cup/2026/PMSR-M42-FRA-V-IRQ.pdf,Paired substitution times on the FIFA PMSR team-summary page.,725.7
42,Group stage,France,Iraq,90,12,Bradley Barcola,8595.9,3997.1,3241.2,634.2,337.3,386.1,59.0,30.0,34.7,30.0,25.0,83.0,0.0,3.0,0.0,8.0,6.0,75.0,4.0,3.0,1.0,1.0,0.0,36.0,4.0,3.0,0.0,0.0,17.0,12.0,12.0,2,0,5.0,3.0,3.0,15.0,1.0,0.0,1.0,0.0,5.0,20.0,9.0,5.0,2.0,Bradley Barcola,FW,True,83.0,https://www.fifatrainingcentre.com/media/native/tournaments/fifa-world-cup/2026/PMSR-M42-FRA-V-IRQ.pdf,https://www.fifatrainingcentre.com/media/native/tournaments/fifa-world-cup/2026/PMSR-M42-FRA-V-IRQ.pdf,Paired substitution times on the FIFA PMSR team-summary page.,723.4000000000001
42,Group stage,France,Iraq,90,14,Adrien Rabiot,11161.9,4031.2,5064.4,1528.2,456.1,82.0,124.0,31.0,29.2,72.0,71.0,99.0,0.0,0.0,0.0,15.0,14.0,93.0,2.0,0.0,2.0,1.0,0.0,29.0,15.0,6.0,0.0,0.0,6.0,2.0,8.0,3,2,0.0,1.0,7.0,8.0,0.0,0.0,0.0,0.0,9.0,10.0,4.0,3.0,0.0,Adrien Rabiot,MF,True,90.0,https://www.fifatrainingcentre.com/media/native/tournaments/fifa-world-cup/2026/PMSR-M42-FRA-V-IRQ.pdf,https://www.fifatrainingcentre.com/media/native/tournaments/fifa-world-cup/2026/PMSR-M42-FRA-V-IRQ.pdf,Paired substitution times on the FIFA PMSR team-summary page.,538.1
42,Group stage,France,Iraq,90,16,Mike Maignan,4554.7,3776.4,718.7,41.9,10.7,7.1,5.0,1.0,26.4,12.0,11.0,92.0,0.0,0.0,0.0,1.0,1.0,100.0,0.0,0.0,0.0,0.0,0.0,2.0,0.0,0.0,0.0,0.0,0.0,2.0,1.0,0,0,0.0,0.0,0.0,0.0,0.0,0.0,0.0,0.0,2.0,0.0,0.0,2.0,0.0,Mike Maignan,GK,True,90.0,https://www.fifatrainingcentre.com/media/native/tournaments/fifa-world-cup/2026/PMSR-M42-FRA-V-IRQ.pdf,https://www.fifatrainingcentre.com/media/native/tournaments/fifa-world-cup/2026/PMSR-M42-FRA-V-IRQ.pdf,Paired substitution times on the FIFA PMSR team-summary page.,17.799999999999997
42,Group stage,France,Iraq,90,17,William Saliba,9196.1,4155.2,3860.3,793.6,259.7,127.3,69.0,23.0,29.3,62.0,60.0,97.0,0.0,0.0,0.0,4.0,3.0,75.0,0.0,0.0,0.0,1.0,0.0,17.0,2.0,1.0,0.0,0.0,0.0,14.0,10.0,4,0,6.0,0.0,1.0,5.0,3.0,0.0,3.0,3.0,5.0,10.0,3.0,8.0,4.0,William Saliba,DF,True,90.0,https://www.fifatrainingcentre.com/media/native/tournaments/fifa-world-cup/2026/PMSR-M42-FRA-V-IRQ.pdf,https://www.fifatrainingcentre.com/media/native/tournaments/fifa-world-cup/2026/PMSR-M42-FRA-V-IRQ.pdf,Paired substitution times on the FIFA PMSR team-summary page.,387.0
42,Group stage,France,Iraq,90,20,Desire Doue,3033.5,925.9,1334.8,506.3,159.1,107.4,41.0,16.0,31.5,13.0,10.0,77.0,0.0,0.0,0.0,2.0,1.0,50.0,0.0,0.0,0.0,0.0,0.0,11.0,1.0,4.0,1.0,0.0,4.0,1.0,4.0,1,0,0.0,0.0,1.0,11.0,0.0,0.0,0.0,0.0,1.0,8.0,4.0,0.0,0.0,Desire Doue,FW,False,23.0,https://www.fifatrainingcentre.com/media/native/tournaments/fifa-world-cup/2026/PMSR-M42-FRA-V-IRQ.pdf,https://www.fifatrainingcentre.com/media/native/tournaments/fifa-world-cup/2026/PMSR-M42-FRA-V-IRQ.pdf,Paired substitution times on the FIFA PMSR team-summary page.,266.5
42,Group stage,France,Iraq,90,24,Rayan Cherki,3304.6,751.3,1574.7,684.4,223.7,70.6,58.0,18.0,30.8,21.0,18.0,86.0,0.0,0.0,0.0,7.0,5.0,71.0,2.0,2.0,0.0,0.0,0.0,6.0,2.0,4.0,0.0,0.0,0.0,0.0,1.0,1,1,0.0,0.0,2.0,18.0,0.0,0.0,0.0,0.0,1.0,9.0,6.0,1.0,0.0,Rayan Cherki,MF,False,22.0,https://www.fifatrainingcentre.com/media/native/tournaments/fifa-world-cup/2026/PMSR-M42-FRA-V-IRQ.pdf,https://www.fifatrainingcentre.com/media/native/tournaments/fifa-world-cup/2026/PMSR-M42-FRA-V-IRQ.pdf,Paired substitution times on the FIFA PMSR team-summary page.,294.29999999999995
42,Group stage,France,Iraq,90,25,Maghnes Akliouche,1369.8,322.8,678.5,283.9,70.2,14.3,24.0,5.0,26.6,7.0,5.0,71.0,0.0,2.0,0.0,3.0,0.0,0.0,0.0,0.0,0.0,0.0,0.0,11.0,3.0,3.0,0.0,1.0,3.0,1.0,3.0,2,0,0.0,0.0,2.0,6.0,0.0,0.0,0.0,0.0,1.0,8.0,6.0,0.0,2.0,Maghnes Akliouche,MF,False,7.0,https://www.fifatrainingcentre.com/media/native/tournaments/fifa-world-cup/2026/PMSR-M42-FRA-V-IRQ.pdf,https://www.fifatrainingcentre.com/media/native/tournaments/fifa-world-cup/2026/PMSR-M42-FRA-V-IRQ.pdf,Paired substitution times on the FIFA PMSR team-summary page.,84.5
61,Group stage,France,Norway,90,2,Malo Gusto,953.5,401.8,430.2,91.2,30.2,0.0,7.0,3.0,23.4,8.0,8.0,100.0,1.0,0.0,0.0,0.0,0.0,0.0,0.0,0.0,0.0,0.0,0.0,5.0,2.0,0.0,0.0,0.0,1.0,2.0,4.0,2,0,1.0,0.0,2.0,0.0,0.0,1.0,1.0,2.0,0.0,1.0,1.0,0.0,3.0,Malo Gusto,DF,False,3.0,https://www.fifatrainingcentre.com/media/native/tournaments/fifa-world-cup/2026/PMSR-M61-NOR-V-FRA.pdf,https://www.fifatrainingcentre.com/media/native/tournaments/fifa-world-cup/2026/PMSR-M61-NOR-V-FRA.pdf,Paired substitution times on the FIFA PMSR team-summary page.,30.2
61,Group stage,France,Norway,90,4,Dayot Upamecano,7970.3,3312.4,3360.1,846.8,336.7,114.3,70.0,24.0,31.9,43.0,39.0,91.0,2.0,0.0,0.0,7.0,4.0,57.0,2.0,2.0,0.0,0.0,0.0,5.0,0.0,1.0,0.0,0.0,0.0,4.0,4.0,0,0,3.0,1.0,3.0,1.0,3.0,1.0,5.0,6.0,4.0,6.0,2.0,6.0,6.0,Dayot Upamecano,DF,True,76.0,https://www.fifatrainingcentre.com/media/native/tournaments/fifa-world-cup/2026/PMSR-M61-NOR-V-FRA.pdf,https://www.fifatrainingcentre.com/media/native/tournaments/fifa-world-cup/2026/PMSR-M61-NOR-V-FRA.pdf,Paired substitution times on the FIFA PMSR team-summary page.,451.0
61,Group stage,France,Norway,90,5,Jules Kounde,9583.8,3621.5,3847.6,1321.4,567.6,225.8,119.0,44.0,32.8,57.0,50.0,88.0,0.0,1.0,0.0,14.0,10.0,71.0,0.0,0.0,0.0,0.0,0.0,29.0,7.0,6.0,1.0,2.0,8.0,5.0,11.0,4,1,4.0,0.0,7.0,14.0,2.0,0.0,2.0,4.0,9.0,22.0,6.0,2.0,5.0,Jules Kounde,DF,True,87.0,https://www.fifatrainingcentre.com/media/native/tournaments/fifa-world-cup/2026/PMSR-M61-NOR-V-FRA.pdf,https://www.fifatrainingcentre.com/media/native/tournaments/fifa-world-cup/2026/PMSR-M61-NOR-V-FRA.pdf,Paired substitution times on the FIFA PMSR team-summary page.,793.4000000000001
61,Group stage,France,Norway,90,6,Manu Kone,10740.9,3704.0,4741.1,1749.1,444.1,102.6,139.0,33.0,27.5,56.0,52.0,93.0,0.0,0.0,0.0,8.0,8.0,100.0,5.0,1.0,4.0,1.0,0.0,11.0,9.0,1.0,0.0,0.0,1.0,0.0,4.0,6,1,2.0,0.0,5.0,17.0,0.0,0.0,0.0,0.0,10.0,25.0,9.0,2.0,3.0,Manu Kone,MF,True,90.0,https://www.fifatrainingcentre.com/media/native/tournaments/fifa-world-cup/2026/PMSR-M61-NOR-V-FRA.pdf,https://www.fifatrainingcentre.com/media/native/tournaments/fifa-world-cup/2026/PMSR-M61-NOR-V-FRA.pdf,Paired substitution times on the FIFA PMSR team-summary page.,546.7
61,Group stage,France,Norway,90,7,Ousmane Dembele,7293.0,2761.4,2796.1,1136.9,519.6,79.1,92.0,31.0,28.4,40.0,31.0,78.0,2.0,4.0,1.0,17.0,11.0,65.0,1.0,0.0,1.0,3.0,3.0,23.0,7.0,0.0,2.0,1.0,9.0,4.0,13.0,0,0,1.0,1.0,2.0,23.0,0.0,0.0,0.0,0.0,3.0,21.0,11.0,1.0,1.0,Ousmane,FW,True,65.0,https://www.fifatrainingcentre.com/media/native/tournaments/fifa-world-cup/2026/PMSR-M61-NOR-V-FRA.pdf,https://www.fifa.com/en/tournaments/mens/worldcup/canadamexicousa2026/articles/ousmane-dembele-hat-trick-norway,Official FIFA article states that Dembele left in the 65th minute.,598.7
61,Group stage,France,Norway,90,8,Aurelien Tchouameni,11170.9,4484.2,4156.4,1724.3,667.9,138.2,150.0,53.0,29.8,63.0,61.0,97.0,2.0,1.0,0.0,9.0,9.0,100.0,0.0,0.0,0.0,1.0,0.0,33.0,22.0,4.0,0.0,0.0,1.0,6.0,14.0,12,5,5.0,0.0,7.0,14.0,3.0,0.0,3.0,3.0,9.0,33.0,16.0,8.0,6.0,Aurelien Tchouameni,MF,True,90.0,https://www.fifatrainingcentre.com/media/native/tournaments/fifa-world-cup/2026/PMSR-M61-NOR-V-FRA.pdf,https://www.fifatrainingcentre.com/media/native/tournaments/fifa-world-cup/2026/PMSR-M61-NOR-V-FRA.pdf,Paired substitution times on the FIFA PMSR team-summary page.,806.0999999999999
61,Group stage,France,Norway,90,10,Kylian Mbappe,7940.7,3945.0,2528.7,664.5,363.6,439.0,55.0,29.0,37.6,30.0,28.0,93.0,4.0,3.0,1.0,9.0,7.0,78.0,4.0,3.0,1.0,4.0,0.0,51.0,6.0,10.0,1.0,2.0,29.0,3.0,14.0,2,2,2.0,0.0,1.0,12.0,0.0,0.0,0.0,0.0,3.0,9.0,7.0,3.0,1.0,Kylian Mbappe,FW,True,87.0,https://www.fifatrainingcentre.com/media/native/tournaments/fifa-world-cup/2026/PMSR-M61-NOR-V-FRA.pdf,https://www.fifatrainingcentre.com/media/native/tournaments/fifa-world-cup/2026/PMSR-M61-NOR-V-FRA.pdf,Paired substitution times on the FIFA PMSR team-summary page.,802.6
61,Group stage,France,Norway,90,11,Michael Olise,8835.1,2711.4,3850.2,1371.0,502.5,400.0,122.0,39.0,33.4,44.0,37.0,84.0,0.0,1.0,0.0,15.0,12.0,80.0,4.0,2.0,2.0,3.0,0.0,53.0,21.0,16.0,1.0,3.0,9.0,3.0,16.0,3,0,4.0,0.0,3.0,26.0,0.0,0.0,1.0,0.0,5.0,10.0,6.0,1.0,2.0,Michael Olise,FW,True,65.0,https://www.fifatrainingcentre.com/media/native/tournaments/fifa-world-cup/2026/PMSR-M61-NOR-V-FRA.pdf,https://www.fifatrainingcentre.com/media/native/tournaments/fifa-world-cup/2026/PMSR-M61-NOR-V-FRA.pdf,Paired substitution times on the FIFA PMSR team-summary page.,902.5
61,Group stage,France,Norway,90,12,Bradley Barcola,2812.6,1325.9,982.7,297.5,117.2,89.3,23.0,11.0,36.3,9.0,8.0,89.0,0.0,1.0,1.0,1.0,1.0,100.0,2.0,1.0,1.0,0.0,0.0,11.0,2.0,1.0,0.0,0.0,6.0,2.0,6.0,1,0,1.0,0.0,2.0,15.0,2.0,0.0,2.0,2.0,1.0,9.0,9.0,1.0,1.0,Bradley Barcola,FW,False,25.0,https://www.fifatrainingcentre.com/media/native/tournaments/fifa-world-cup/2026/PMSR-M61-NOR-V-FRA.pdf,https://www.fifatrainingcentre.com/media/native/tournaments/fifa-world-cup/2026/PMSR-M61-NOR-V-FRA.pdf,Paired substitution times on the FIFA PMSR team-summary page.,206.5
61,Group stage,France,Norway,90,15,Ibrahima Konate,1968.4,944.8,773.5,209.9,40.2,0.0,18.0,3.0,24.7,11.0,10.0,91.0,0.0,0.0,0.0,3.0,3.0,100.0,1.0,0.0,1.0,0.0,0.0,3.0,1.0,0.0,0.0,0.0,0.0,2.0,1.0,0,0,1.0,1.0,2.0,0.0,2.0,0.0,2.0,0.0,1.0,3.0,1.0,2.0,1.0,Ibrahima Konate,DF,False,14.0,https://www.fifatrainingcentre.com/media/native/tournaments/fifa-world-cup/2026/PMSR-M61-NOR-V-FRA.pdf,https://www.fifatrainingcentre.com/media/native/tournaments/fifa-world-cup/2026/PMSR-M61-NOR-V-FRA.pdf,Paired substitution times on the FIFA PMSR team-summary page.,40.2
61,Group stage,France,Norway,90,16,Mike Maignan,4919.1,3865.3,980.4,64.9,8.5,0.0,4.0,1.0,21.7,25.0,17.0,68.0,0.0,0.0,0.0,7.0,3.0,43.0,0.0,0.0,0.0,0.0,0.0,5.0,0.0,0.0,0.0,0.0,0.0,5.0,1.0,0,0,0.0,0.0,0.0,0.0,0.0,0.0,0.0,1.0,1.0,0.0,0.0,4.0,0.0,Mike Maignan,GK,True,90.0,https://www.fifatrainingcentre.com/media/native/tournaments/fifa-world-cup/2026/PMSR-M61-NOR-V-FRA.pdf,https://www.fifatrainingcentre.com/media/native/tournaments/fifa-world-cup/2026/PMSR-M61-NOR-V-FRA.pdf,Paired substitution times on the FIFA PMSR team-summary page.,8.5
61,Group stage,France,Norway,90,19,Theo Hernandez,9702.3,4085.2,3901.2,1029.0,463.2,223.8,98.0,37.0,33.6,49.0,48.0,98.0,1.0,2.0,1.0,17.0,16.0,94.0,0.0,0.0,0.0,2.0,0.0,14.0,3.0,0.0,0.0,0.0,8.0,3.0,0.0,2,1,3.0,2.0,3.0,11.0,4.0,0.0,4.0,1.0,4.0,8.0,6.0,7.0,2.0,Theo Hernandez,DF,True,90.0,https://www.fifatrainingcentre.com/media/native/tournaments/fifa-world-cup/2026/PMSR-M61-NOR-V-FRA.pdf,https://www.fifatrainingcentre.com/media/native/tournaments/fifa-world-cup/2026/PMSR-M61-NOR-V-FRA.pdf,Paired substitution times on the FIFA PMSR team-summary page.,687.0
61,Group stage,France,Norway,90,20,Desire Doue,11188.7,4027.4,4241.6,1634.8,897.1,387.9,136.0,64.0,32.3,47.0,39.0,83.0,0.0,1.0,0.0,13.0,7.0,54.0,6.0,6.0,0.0,4.0,1.0,40.0,7.0,5.0,4.0,1.0,13.0,10.0,14.0,3,1,5.0,0.0,1.0,36.0,1.0,0.0,1.0,0.0,6.0,23.0,19.0,4.0,1.0,Desire Doue,FW,True,90.0,https://www.fifatrainingcentre.com/media/native/tournaments/fifa-world-cup/2026/PMSR-M61-NOR-V-FRA.pdf,https://www.fifatrainingcentre.com/media/native/tournaments/fifa-world-cup/2026/PMSR-M61-NOR-V-FRA.pdf,Paired substitution times on the FIFA PMSR team-summary page.,1285.0
61,Group stage,France,Norway,90,22,Jean-philippe Mateta,1085.7,379.4,512.6,108.7,68.5,16.6,10.0,6.0,28.8,0.0,0.0,0.0,0.0,0.0,0.0,0.0,0.0,0.0,0.0,0.0,0.0,0.0,0.0,5.0,1.0,2.0,0.0,0.0,2.0,0.0,0.0,1,0,0.0,0.0,1.0,4.0,0.0,0.0,0.0,0.0,0.0,1.0,1.0,0.0,0.0,Jean-philippe Mateta,FW,False,3.0,https://www.fifatrainingcentre.com/media/native/tournaments/fifa-world-cup/2026/PMSR-M61-NOR-V-FRA.pdf,https://www.fifatrainingcentre.com/media/native/tournaments/fifa-world-cup/2026/PMSR-M61-NOR-V-FRA.pdf,Paired substitution times on the FIFA PMSR team-summary page.,85.1
61,Group stage,France,Norway,90,24,Rayan Cherki,3592.1,1142.6,1645.6,472.8,244.1,87.1,45.0,16.0,29.4,21.0,21.0,100.0,0.0,2.0,0.0,2.0,2.0,100.0,1.0,1.0,0.0,0.0,0.0,12.0,5.0,3.0,0.0,0.0,3.0,1.0,6.0,0,0,0.0,1.0,3.0,13.0,0.0,0.0,0.0,0.0,1.0,3.0,3.0,0.0,1.0,Rayan Cherki,MF,False,25.0,https://www.fifatrainingcentre.com/media/native/tournaments/fifa-world-cup/2026/PMSR-M61-NOR-V-FRA.pdf,https://www.fifatrainingcentre.com/media/native/tournaments/fifa-world-cup/2026/PMSR-M61-NOR-V-FRA.pdf,Paired substitution times on the FIFA PMSR team-summary page.,331.2
61,Group stage,France,Norway,90,26,Maxence Lacroix,9363.5,4122.4,3912.2,967.8,293.0,68.1,90.0,26.0,29.1,46.0,43.0,93.0,0.0,0.0,0.0,8.0,5.0,62.0,2.0,2.0,0.0,0.0,0.0,7.0,0.0,1.0,0.0,0.0,0.0,6.0,3.0,2,1,3.0,0.0,3.0,3.0,1.0,0.0,1.0,2.0,4.0,3.0,0.0,4.0,5.0,Maxence Lacroix,DF,True,90.0,https://www.fifatrainingcentre.com/media/native/tournaments/fifa-world-cup/2026/PMSR-M61-NOR-V-FRA.pdf,https://www.fifatrainingcentre.com/media/native/tournaments/fifa-world-cup/2026/PMSR-M61-NOR-V-FRA.pdf,Paired substitution times on the FIFA PMSR team-summary page.,361.1
77,Round of 32,France,Sweden,90,2,Malo Gusto,2165.1,619.9,1114.4,281.5,117.7,31.6,25.0,10.0,28.6,12.0,12.0,100.0,0.0,0.0,0.0,5.0,5.0,100.0,0.0,0.0,0.0,0.0,0.0,9.0,3.0,0.0,1.0,0.0,3.0,2.0,2.0,2,0,0.0,0.0,2.0,2.0,0.0,0.0,0.0,0.0,1.0,5.0,2.0,0.0,1.0,Malo Gusto,DF,False,15.0,https://www.fifatrainingcentre.com/media/native/tournaments/fifa-world-cup/2026/PMSR-M77-FRA-V-SWE.pdf,https://www.fifatrainingcentre.com/media/native/tournaments/fifa-world-cup/2026/PMSR-M77-FRA-V-SWE.pdf,Paired substitution times on the FIFA PMSR team-summary page.,149.3
77,Round of 32,France,Sweden,90,3,Lucas Digne,8530.2,4095.2,2938.3,941.0,416.8,138.9,79.0,36.0,31.2,43.0,36.0,84.0,0.0,0.0,0.0,16.0,14.0,88.0,1.0,1.0,0.0,1.0,0.0,14.0,1.0,0.0,0.0,2.0,8.0,3.0,3.0,1,0,1.0,2.0,0.0,5.0,3.0,1.0,4.0,9.0,5.0,13.0,3.0,3.0,7.0,Lucas Digne,DF,True,78.0,https://www.fifatrainingcentre.com/media/native/tournaments/fifa-world-cup/2026/PMSR-M77-FRA-V-SWE.pdf,https://www.fifatrainingcentre.com/media/native/tournaments/fifa-world-cup/2026/PMSR-M77-FRA-V-SWE.pdf,Paired substitution times on the FIFA PMSR team-summary page.,555.7
77,Round of 32,France,Sweden,90,4,Dayot Upamecano,9622.7,4426.7,3949.8,817.6,278.2,150.4,70.0,23.0,35.4,45.0,43.0,96.0,1.0,0.0,0.0,12.0,11.0,92.0,0.0,0.0,0.0,2.0,0.0,24.0,5.0,0.0,0.0,0.0,1.0,18.0,13.0,0,0,2.0,2.0,3.0,5.0,2.0,1.0,3.0,6.0,6.0,4.0,2.0,5.0,4.0,Dayot Upamecano,DF,True,90.0,https://www.fifatrainingcentre.com/media/native/tournaments/fifa-world-cup/2026/PMSR-M77-FRA-V-SWE.pdf,https://www.fifatrainingcentre.com/media/native/tournaments/fifa-world-cup/2026/PMSR-M77-FRA-V-SWE.pdf,Paired substitution times on the FIFA PMSR team-summary page.,428.6
77,Round of 32,France,Sweden,90,5,Jules Kounde,8335.5,3253.7,3321.3,1034.6,495.5,230.4,86.0,33.0,30.3,37.0,34.0,92.0,0.0,5.0,1.0,10.0,8.0,80.0,1.0,1.0,0.0,1.0,0.0,41.0,5.0,2.0,0.0,2.0,23.0,9.0,17.0,3,0,2.0,0.0,2.0,11.0,1.0,0.0,1.0,2.0,6.0,10.0,7.0,2.0,5.0,Jules Kounde,DF,True,75.0,https://www.fifatrainingcentre.com/media/native/tournaments/fifa-world-cup/2026/PMSR-M77-FRA-V-SWE.pdf,https://www.fifatrainingcentre.com/media/native/tournaments/fifa-world-cup/2026/PMSR-M77-FRA-V-SWE.pdf,Paired substitution times on the FIFA PMSR team-summary page.,725.9
77,Round of 32,France,Sweden,90,7,Ousmane Dembele,8073.5,3287.9,3261.4,1148.5,299.8,75.9,102.0,19.0,28.4,38.0,35.0,92.0,0.0,4.0,0.0,10.0,7.0,70.0,3.0,3.0,0.0,2.0,0.0,25.0,10.0,3.0,1.0,2.0,1.0,8.0,12.0,1,1,2.0,0.0,1.0,19.0,0.0,0.0,0.0,0.0,4.0,18.0,11.0,1.0,1.0,Ousmane Dembele,FW,True,75.0,https://www.fifatrainingcentre.com/media/native/tournaments/fifa-world-cup/2026/PMSR-M77-FRA-V-SWE.pdf,https://www.fifatrainingcentre.com/media/native/tournaments/fifa-world-cup/2026/PMSR-M77-FRA-V-SWE.pdf,Paired substitution times on the FIFA PMSR team-summary page.,375.70000000000005
77,Round of 32,France,Sweden,90,8,Aurelien Tchouameni,10232.7,4524.6,4015.5,1349.9,289.3,53.4,115.0,20.0,31.4,66.0,63.0,95.0,0.0,0.0,0.0,9.0,9.0,100.0,0.0,0.0,0.0,1.0,0.0,50.0,31.0,14.0,0.0,0.0,0.0,5.0,23.0,2,1,2.0,0.0,1.0,7.0,1.0,0.0,2.0,5.0,8.0,18.0,3.0,1.0,6.0,Aurelien Tchouameni,MF,True,90.0,https://www.fifatrainingcentre.com/media/native/tournaments/fifa-world-cup/2026/PMSR-M77-FRA-V-SWE.pdf,https://www.fifatrainingcentre.com/media/native/tournaments/fifa-world-cup/2026/PMSR-M77-FRA-V-SWE.pdf,Paired substitution times on the FIFA PMSR team-summary page.,342.7
77,Round of 32,France,Sweden,90,10,Kylian Mbappe,8113.3,3810.9,2983.3,818.5,322.9,177.6,70.0,28.0,30.2,41.0,35.0,85.0,3.0,1.0,0.0,17.0,16.0,94.0,11.0,9.0,2.0,5.0,2.0,65.0,11.0,23.0,2.0,2.0,23.0,4.0,26.0,1,0,1.0,0.0,2.0,21.0,1.0,0.0,1.0,0.0,1.0,20.0,11.0,1.0,0.0,Kylian Mbappe,FW,True,85.0,https://www.fifatrainingcentre.com/media/native/tournaments/fifa-world-cup/2026/PMSR-M77-FRA-V-SWE.pdf,https://www.fifatrainingcentre.com/media/native/tournaments/fifa-world-cup/2026/PMSR-M77-FRA-V-SWE.pdf,Paired substitution times on the FIFA PMSR team-summary page.,500.5
77,Round of 32,France,Sweden,90,11,Michael Olise,10684.7,3301.4,4905.6,1577.6,704.4,195.7,142.0,46.0,33.1,70.0,63.0,90.0,1.0,8.0,3.0,26.0,21.0,81.0,4.0,3.0,1.0,6.0,0.0,58.0,17.0,21.0,4.0,3.0,9.0,4.0,27.0,1,1,0.0,0.0,3.0,22.0,0.0,0.0,1.0,0.0,8.0,13.0,5.0,1.0,0.0,Michael Olise,FW,True,85.0,https://www.fifatrainingcentre.com/media/native/tournaments/fifa-world-cup/2026/PMSR-M77-FRA-V-SWE.pdf,https://www.fifatrainingcentre.com/media/native/tournaments/fifa-world-cup/2026/PMSR-M77-FRA-V-SWE.pdf,Paired substitution times on the FIFA PMSR team-summary page.,900.0999999999999
77,Round of 32,France,Sweden,90,12,Bradley Barcola,9706.9,4435.5,3492.2,911.0,481.1,387.1,72.0,42.0,34.7,27.0,25.0,93.0,0.0,1.0,0.0,3.0,2.0,67.0,8.0,5.0,3.0,3.0,1.0,22.0,1.0,0.0,2.0,0.0,18.0,1.0,6.0,6,0,0.0,0.0,7.0,31.0,1.0,0.0,1.0,1.0,3.0,1.0,1.0,0.0,2.0,Bradley Barcola,FW,True,90.0,https://www.fifatrainingcentre.com/media/native/tournaments/fifa-world-cup/2026/PMSR-M77-FRA-V-SWE.pdf,https://www.fifatrainingcentre.com/media/native/tournaments/fifa-world-cup/2026/PMSR-M77-FRA-V-SWE.pdf,Paired substitution times on the FIFA PMSR team-summary page.,868.2
77,Round of 32,France,Sweden,90,14,Adrien Rabiot,10636.2,4440.7,4253.4,1250.4,603.2,88.5,110.0,42.0,29.8,67.0,63.0,94.0,0.0,0.0,0.0,19.0,17.0,89.0,1.0,0.0,1.0,2.0,0.0,51.0,16.0,17.0,0.0,1.0,11.0,6.0,20.0,2,1,1.0,2.0,5.0,19.0,1.0,0.0,2.0,3.0,5.0,18.0,7.0,3.0,3.0,Adrien Rabiot,MF,True,90.0,https://www.fifatrainingcentre.com/media/native/tournaments/fifa-world-cup/2026/PMSR-M77-FRA-V-SWE.pdf,https://www.fifatrainingcentre.com/media/native/tournaments/fifa-world-cup/2026/PMSR-M77-FRA-V-SWE.pdf,Paired substitution times on the FIFA PMSR team-summary page.,691.7
77,Round of 32,France,Sweden,90,16,Mike Maignan,5162.5,3893.7,1130.2,134.1,4.5,0.0,13.0,0.0,21.6,31.0,22.0,71.0,0.0,0.0,0.0,12.0,4.0,33.0,0.0,0.0,0.0,0.0,0.0,3.0,0.0,0.0,0.0,0.0,0.0,3.0,2.0,0,0,0.0,0.0,0.0,0.0,0.0,0.0,0.0,0.0,7.0,0.0,0.0,7.0,0.0,Mike Maignan,GK,True,90.0,https://www.fifatrainingcentre.com/media/native/tournaments/fifa-world-cup/2026/PMSR-M77-FRA-V-SWE.pdf,https://www.fifatrainingcentre.com/media/native/tournaments/fifa-world-cup/2026/PMSR-M77-FRA-V-SWE.pdf,Paired substitution times on the FIFA PMSR team-summary page.,4.5
77,Round of 32,France,Sweden,90,17,William Saliba,9603.7,4352.1,3876.1,837.3,356.1,182.1,69.0,33.0,33.4,50.0,48.0,96.0,0.0,0.0,0.0,9.0,9.0,100.0,2.0,1.0,1.0,0.0,0.0,5.0,0.0,0.0,0.0,0.0,1.0,4.0,2.0,3,1,2.0,4.0,7.0,2.0,4.0,0.0,4.0,3.0,2.0,4.0,1.0,7.0,4.0,William Saliba,DF,True,90.0,https://www.fifatrainingcentre.com/media/native/tournaments/fifa-world-cup/2026/PMSR-M77-FRA-V-SWE.pdf,https://www.fifatrainingcentre.com/media/native/tournaments/fifa-world-cup/2026/PMSR-M77-FRA-V-SWE.pdf,Paired substitution times on the FIFA PMSR team-summary page.,538.2
77,Round of 32,France,Sweden,90,19,Theo Hernandez,1880.0,592.0,862.8,274.7,79.7,70.7,22.0,6.0,30.6,12.0,12.0,100.0,0.0,1.0,0.0,4.0,4.0,100.0,0.0,0.0,0.0,0.0,0.0,4.0,1.0,0.0,0.0,0.0,3.0,0.0,1.0,0,0,0.0,0.0,0.0,4.0,1.0,0.0,1.0,2.0,2.0,4.0,3.0,1.0,0.0,Theo Hernandez,DF,False,12.0,https://www.fifatrainingcentre.com/media/native/tournaments/fifa-world-cup/2026/PMSR-M77-FRA-V-SWE.pdf,https://www.fifatrainingcentre.com/media/native/tournaments/fifa-world-cup/2026/PMSR-M77-FRA-V-SWE.pdf,Paired substitution times on the FIFA PMSR team-summary page.,150.4
77,Round of 32,France,Sweden,90,20,Desire Doue,2287.0,757.6,910.6,307.2,189.8,121.8,25.0,15.0,31.3,5.0,4.0,80.0,0.0,2.0,1.0,1.0,1.0,100.0,2.0,1.0,1.0,1.0,0.0,4.0,0.0,0.0,0.0,0.0,2.0,2.0,1.0,2,0,1.0,0.0,2.0,8.0,0.0,1.0,1.0,0.0,0.0,6.0,5.0,0.0,2.0,Desire Doue,FW,False,15.0,https://www.fifatrainingcentre.com/media/native/tournaments/fifa-world-cup/2026/PMSR-M77-FRA-V-SWE.pdf,https://www.fifatrainingcentre.com/media/native/tournaments/fifa-world-cup/2026/PMSR-M77-FRA-V-SWE.pdf,Paired substitution times on the FIFA PMSR team-summary page.,311.6
77,Round of 32,France,Sweden,90,22,Jean-philippe Mateta,1294.7,381.2,574.9,169.4,112.0,57.1,12.0,8.0,28.7,2.0,2.0,100.0,0.0,0.0,0.0,0.0,0.0,0.0,0.0,0.0,0.0,1.0,0.0,2.0,0.0,0.0,0.0,0.0,2.0,0.0,1.0,1,0,0.0,0.0,1.0,7.0,0.0,0.0,0.0,0.0,0.0,3.0,3.0,0.0,0.0,Jean-philippe Mateta,FW,False,5.0,https://www.fifatrainingcentre.com/media/native/tournaments/fifa-world-cup/2026/PMSR-M77-FRA-V-SWE.pdf,https://www.fifatrainingcentre.com/media/native/tournaments/fifa-world-cup/2026/PMSR-M77-FRA-V-SWE.pdf,Paired substitution times on the FIFA PMSR team-summary page.,169.1
77,Round of 32,France,Sweden,90,24,Rayan Cherki,1352.1,303.8,528.8,344.9,109.5,65.1,33.0,7.0,29.8,2.0,1.0,50.0,0.0,0.0,0.0,1.0,1.0,100.0,0.0,0.0,0.0,0.0,0.0,1.0,0.0,1.0,0.0,0.0,0.0,0.0,1.0,1,0,0.0,0.0,2.0,12.0,0.0,0.0,0.0,0.0,0.0,4.0,4.0,0.0,0.0,Rayan Cherki,MF,False,5.0,https://www.fifatrainingcentre.com/media/native/tournaments/fifa-world-cup/2026/PMSR-M77-FRA-V-SWE.pdf,https://www.fifatrainingcentre.com/media/native/tournaments/fifa-world-cup/2026/PMSR-M77-FRA-V-SWE.pdf,Paired substitution times on the FIFA PMSR team-summary page.,174.6
89,Round of 16,France,Paraguay,90,3,Lucas Digne,10384.1,4821.3,3454.4,1457.3,493.8,157.3,128.0,40.0,30.2,62.0,54.0,87.0,0.0,3.0,0.0,13.0,9.0,69.0,0.0,0.0,0.0,0.0,0.0,25.0,3.0,1.0,0.0,0.0,13.0,8.0,5.0,2,2,2.0,0.0,0.0,8.0,3.0,0.0,4.0,4.0,5.0,10.0,5.0,4.0,4.0,Lucas Digne,DF,True,90.0,https://www.fifatrainingcentre.com/media/native/tournaments/fifa-world-cup/2026/PMSR-M89-PAR-V-FRA.pdf,https://www.fifatrainingcentre.com/media/native/tournaments/fifa-world-cup/2026/PMSR-M89-PAR-V-FRA.pdf,Paired substitution times on the FIFA PMSR team-summary page.,651.1
89,Round of 16,France,Paraguay,90,4,Dayot Upamecano,9737.2,4237.0,4069.5,929.8,340.0,160.9,88.0,24.0,32.8,66.0,60.0,91.0,0.0,0.0,0.0,16.0,13.0,81.0,0.0,0.0,0.0,0.0,0.0,12.0,2.0,0.0,0.0,0.0,0.0,10.0,8.0,5,2,5.0,5.0,4.0,3.0,0.0,0.0,0.0,2.0,18.0,7.0,2.0,10.0,6.0,Dayot Upamecano,DF,True,90.0,https://www.fifatrainingcentre.com/media/native/tournaments/fifa-world-cup/2026/PMSR-M89-PAR-V-FRA.pdf,https://www.fifatrainingcentre.com/media/native/tournaments/fifa-world-cup/2026/PMSR-M89-PAR-V-FRA.pdf,Paired substitution times on the FIFA PMSR team-summary page.,500.9
89,Round of 16,France,Paraguay,90,5,Jules Kounde,10294.3,4153.7,3967.7,1333.0,636.1,203.9,107.0,47.0,31.7,64.0,60.0,94.0,0.0,1.0,0.0,21.0,19.0,90.0,4.0,1.0,3.0,0.0,0.0,46.0,7.0,2.0,0.0,0.0,22.0,15.0,14.0,2,0,1.0,1.0,0.0,8.0,2.0,0.0,2.0,3.0,6.0,12.0,7.0,2.0,4.0,Jules Kounde,DF,True,90.0,https://www.fifatrainingcentre.com/media/native/tournaments/fifa-world-cup/2026/PMSR-M89-PAR-V-FRA.pdf,https://www.fifatrainingcentre.com/media/native/tournaments/fifa-world-cup/2026/PMSR-M89-PAR-V-FRA.pdf,Paired substitution times on the FIFA PMSR team-summary page.,840.0
89,Round of 16,France,Paraguay,90,6,Manu Kone,9937.8,3999.5,4275.3,1241.0,320.2,101.7,96.0,19.0,29.8,70.0,66.0,94.0,0.0,0.0,0.0,10.0,10.0,100.0,2.0,2.0,0.0,3.0,0.0,6.0,3.0,1.0,0.0,0.0,1.0,1.0,4.0,4,0,1.0,1.0,7.0,4.0,3.0,0.0,3.0,2.0,10.0,8.0,1.0,2.0,4.0,Manu Kone,MF,True,90.0,https://www.fifatrainingcentre.com/media/native/tournaments/fifa-world-cup/2026/PMSR-M89-PAR-V-FRA.pdf,https://www.fifatrainingcentre.com/media/native/tournaments/fifa-world-cup/2026/PMSR-M89-PAR-V-FRA.pdf,Paired substitution times on the FIFA PMSR team-summary page.,421.9
89,Round of 16,France,Paraguay,90,7,Ousmane Dembele,8009.6,3871.0,2873.5,888.5,326.9,49.7,73.0,22.0,26.5,43.0,32.0,74.0,0.0,12.0,0.0,6.0,4.0,67.0,2.0,2.0,0.0,2.0,0.0,26.0,6.0,5.0,1.0,0.0,10.0,4.0,11.0,0,0,0.0,0.0,0.0,13.0,0.0,0.0,0.0,0.0,0.0,11.0,8.0,0.0,0.0,Ousmane Dembele,FW,True,84.0,https://www.fifatrainingcentre.com/media/native/tournaments/fifa-world-cup/2026/PMSR-M89-PAR-V-FRA.pdf,https://www.fifatrainingcentre.com/media/native/tournaments/fifa-world-cup/2026/PMSR-M89-PAR-V-FRA.pdf,Paired substitution times on the FIFA PMSR team-summary page.,376.59999999999997
89,Round of 16,France,Paraguay,90,10,Kylian Mbappe,8290.1,4515.4,2691.3,682.6,226.4,174.4,58.0,23.0,36.5,28.0,23.0,82.0,0.0,0.0,0.0,7.0,5.0,71.0,7.0,7.0,0.0,5.0,1.0,44.0,16.0,10.0,0.0,1.0,10.0,7.0,16.0,0,0,0.0,0.0,2.0,0.0,0.0,0.0,0.0,0.0,1.0,2.0,0.0,1.0,0.0,Kylian Mbappe,FW,True,90.0,https://www.fifatrainingcentre.com/media/native/tournaments/fifa-world-cup/2026/PMSR-M89-PAR-V-FRA.pdf,https://www.fifatrainingcentre.com/media/native/tournaments/fifa-world-cup/2026/PMSR-M89-PAR-V-FRA.pdf,Paired substitution times on the FIFA PMSR team-summary page.,400.8
89,Round of 16,France,Paraguay,90,11,Michael Olise,11621.5,3973.1,5165.8,1716.2,649.4,117.1,122.0,39.0,30.5,63.0,58.0,92.0,0.0,3.0,0.0,13.0,12.0,92.0,4.0,4.0,0.0,0.0,0.0,44.0,14.0,16.0,0.0,3.0,6.0,5.0,14.0,0,0,2.0,0.0,3.0,11.0,0.0,0.0,0.0,0.0,5.0,8.0,1.0,1.0,1.0,Michael Olise,FW,True,90.0,https://www.fifatrainingcentre.com/media/native/tournaments/fifa-world-cup/2026/PMSR-M89-PAR-V-FRA.pdf,https://www.fifatrainingcentre.com/media/native/tournaments/fifa-world-cup/2026/PMSR-M89-PAR-V-FRA.pdf,Paired substitution times on the FIFA PMSR team-summary page.,766.5
89,Round of 16,France,Paraguay,90,12,Bradley Barcola,6146.2,2755.7,2465.4,679.8,165.4,79.9,44.0,16.0,31.8,13.0,12.0,92.0,0.0,0.0,0.0,2.0,2.0,100.0,7.0,7.0,0.0,1.0,0.0,10.0,1.0,0.0,1.0,1.0,4.0,3.0,5.0,2,1,0.0,0.0,1.0,7.0,1.0,0.0,1.0,0.0,1.0,3.0,1.0,1.0,0.0,Bradley Barcola,FW,True,61.0,https://www.fifatrainingcentre.com/media/native/tournaments/fifa-world-cup/2026/PMSR-M89-PAR-V-FRA.pdf,https://www.fifatrainingcentre.com/media/native/tournaments/fifa-world-cup/2026/PMSR-M89-PAR-V-FRA.pdf,Paired substitution times on the FIFA PMSR team-summary page.,245.3
89,Round of 16,France,Paraguay,90,14,Adrien Rabiot,10499.0,4524.8,4040.5,1404.4,479.4,49.9,109.0,31.0,30.8,55.0,47.0,85.0,1.0,1.0,0.0,18.0,15.0,83.0,2.0,0.0,2.0,3.0,0.0,28.0,10.0,1.0,0.0,0.0,11.0,6.0,7.0,0,0,1.0,1.0,1.0,7.0,5.0,0.0,5.0,4.0,5.0,4.0,0.0,6.0,2.0,Adrien Rabiot,MF,True,90.0,https://www.fifatrainingcentre.com/media/native/tournaments/fifa-world-cup/2026/PMSR-M89-PAR-V-FRA.pdf,https://www.fifatrainingcentre.com/media/native/tournaments/fifa-world-cup/2026/PMSR-M89-PAR-V-FRA.pdf,Paired substitution times on the FIFA PMSR team-summary page.,529.3
89,Round of 16,France,Paraguay,90,16,Mike Maignan,5546.3,3850.1,1446.6,224.7,12.4,12.4,23.0,2.0,29.6,34.0,29.0,85.0,0.0,0.0,0.0,7.0,4.0,57.0,0.0,0.0,0.0,0.0,0.0,5.0,0.0,0.0,0.0,0.0,0.0,5.0,4.0,0,0,0.0,0.0,0.0,0.0,0.0,0.0,0.0,0.0,3.0,0.0,0.0,9.0,0.0,Mike Maignan,GK,True,90.0,https://www.fifatrainingcentre.com/media/native/tournaments/fifa-world-cup/2026/PMSR-M89-PAR-V-FRA.pdf,https://www.fifatrainingcentre.com/media/native/tournaments/fifa-world-cup/2026/PMSR-M89-PAR-V-FRA.pdf,Paired substitution times on the FIFA PMSR team-summary page.,24.8
89,Round of 16,France,Paraguay,90,17,William Saliba,8903.6,4360.9,3149.6,859.4,359.4,174.4,80.0,31.0,34.1,65.0,63.0,97.0,0.0,0.0,0.0,6.0,5.0,83.0,0.0,0.0,0.0,0.0,0.0,7.0,2.0,0.0,0.0,0.0,0.0,5.0,4.0,1,0,3.0,0.0,3.0,2.0,4.0,0.0,4.0,11.0,11.0,0.0,0.0,8.0,6.0,William Saliba,DF,True,90.0,https://www.fifatrainingcentre.com/media/native/tournaments/fifa-world-cup/2026/PMSR-M89-PAR-V-FRA.pdf,https://www.fifatrainingcentre.com/media/native/tournaments/fifa-world-cup/2026/PMSR-M89-PAR-V-FRA.pdf,Paired substitution times on the FIFA PMSR team-summary page.,533.8
89,Round of 16,France,Paraguay,90,20,Desire Doue,3631.1,1429.2,1431.2,414.7,171.5,184.6,36.0,15.0,33.5,19.0,17.0,89.0,1.0,0.0,0.0,3.0,3.0,100.0,6.0,6.0,0.0,1.0,0.0,11.0,4.0,0.0,0.0,0.0,3.0,4.0,5.0,2,0,0.0,0.0,1.0,4.0,0.0,0.0,1.0,1.0,2.0,3.0,3.0,0.0,2.0,Desire Doue,FW,False,29.0,https://www.fifatrainingcentre.com/media/native/tournaments/fifa-world-cup/2026/PMSR-M89-PAR-V-FRA.pdf,https://www.fifatrainingcentre.com/media/native/tournaments/fifa-world-cup/2026/PMSR-M89-PAR-V-FRA.pdf,Paired substitution times on the FIFA PMSR team-summary page.,356.1
89,Round of 16,France,Paraguay,90,24,Rayan Cherki,1832.7,665.8,701.6,251.3,131.5,82.4,22.0,10.0,30.1,5.0,5.0,100.0,1.0,0.0,0.0,3.0,2.0,67.0,2.0,2.0,0.0,0.0,0.0,3.0,0.0,0.0,0.0,1.0,1.0,1.0,0.0,0,0,1.0,0.0,1.0,5.0,0.0,0.0,0.0,0.0,1.0,1.0,1.0,0.0,1.0,Rayan Cherki,MF,False,6.0,https://www.fifatrainingcentre.com/media/native/tournaments/fifa-world-cup/2026/PMSR-M89-PAR-V-FRA.pdf,https://www.fifatrainingcentre.com/media/native/tournaments/fifa-world-cup/2026/PMSR-M89-PAR-V-FRA.pdf,Paired substitution times on the FIFA PMSR team-summary page.,213.9
97,Quarter-final,France,Morocco,90,2,Malo Gusto,1271.7,401.1,602.3,148.7,110.6,9.1,16.0,6.0,26.0,5.0,5.0,100.0,0.0,0.0,0.0,2.0,2.0,100.0,0.0,0.0,0.0,0.0,0.0,2.0,0.0,0.0,0.0,0.0,1.0,1.0,1.0,1,1,0.0,0.0,0.0,2.0,0.0,0.0,0.0,0.0,1.0,3.0,1.0,1.0,0.0,Malo Gusto,DF,False,3.0,https://www.fifatrainingcentre.com/media/native/tournaments/fifa-world-cup/2026/PMSR-M97-FRA-V-MAR.pdf,https://www.fifatrainingcentre.com/media/native/tournaments/fifa-world-cup/2026/PMSR-M97-FRA-V-MAR.pdf,Paired substitution times on the FIFA PMSR team-summary page.,119.69999999999999
97,Quarter-final,France,Morocco,90,3,Lucas Digne,10002.9,4935.9,3517.5,1039.5,380.5,129.4,89.0,34.0,28.5,53.0,51.0,96.0,1.0,3.0,0.0,18.0,15.0,83.0,1.0,0.0,1.0,1.0,0.0,18.0,2.0,0.0,0.0,0.0,10.0,6.0,4.0,3,0,5.0,3.0,1.0,16.0,2.0,0.0,2.0,1.0,2.0,23.0,10.0,5.0,4.0,Lucas Digne,DF,True,90.0,https://www.fifatrainingcentre.com/media/native/tournaments/fifa-world-cup/2026/PMSR-M97-FRA-V-MAR.pdf,https://www.fifatrainingcentre.com/media/native/tournaments/fifa-world-cup/2026/PMSR-M97-FRA-V-MAR.pdf,Paired substitution times on the FIFA PMSR team-summary page.,509.9
97,Quarter-final,France,Morocco,90,4,Dayot Upamecano,9873.8,4417.0,4055.3,850.1,337.3,214.0,64.0,26.0,34.7,63.0,59.0,94.0,1.0,0.0,0.0,16.0,16.0,100.0,1.0,0.0,1.0,1.0,0.0,4.0,0.0,0.0,0.0,0.0,0.0,4.0,3.0,4,1,1.0,0.0,5.0,5.0,0.0,0.0,0.0,3.0,6.0,6.0,3.0,1.0,3.0,Dayot Upamecano,DF,True,90.0,https://www.fifatrainingcentre.com/media/native/tournaments/fifa-world-cup/2026/PMSR-M97-FRA-V-MAR.pdf,https://www.fifatrainingcentre.com/media/native/tournaments/fifa-world-cup/2026/PMSR-M97-FRA-V-MAR.pdf,Paired substitution times on the FIFA PMSR team-summary page.,551.3
97,Quarter-final,France,Morocco,90,5,Jules Kounde,9302.2,3636.4,3610.8,1214.5,620.8,219.6,107.0,38.0,30.3,40.0,38.0,95.0,0.0,1.0,0.0,10.0,8.0,80.0,1.0,0.0,1.0,1.0,0.0,29.0,7.0,1.0,0.0,0.0,9.0,12.0,11.0,1,0,4.0,0.0,0.0,22.0,3.0,0.0,3.0,3.0,3.0,22.0,10.0,4.0,2.0,Jules Kounde,DF,True,87.0,https://www.fifatrainingcentre.com/media/native/tournaments/fifa-world-cup/2026/PMSR-M97-FRA-V-MAR.pdf,https://www.fifatrainingcentre.com/media/native/tournaments/fifa-world-cup/2026/PMSR-M97-FRA-V-MAR.pdf,Paired substitution times on the FIFA PMSR team-summary page.,840.4
97,Quarter-final,France,Morocco,90,6,Manu Kone,7862.4,2787.8,3384.7,1345.4,243.9,100.6,97.0,14.0,30.2,37.0,34.0,92.0,1.0,0.0,0.0,14.0,12.0,86.0,2.0,1.0,1.0,1.0,0.0,13.0,6.0,2.0,1.0,0.0,1.0,3.0,6.0,3,2,4.0,1.0,4.0,15.0,1.0,0.0,2.0,0.0,4.0,19.0,4.0,6.0,3.0,Manu Kone,MF,True,71.0,https://www.fifatrainingcentre.com/media/native/tournaments/fifa-world-cup/2026/PMSR-M97-FRA-V-MAR.pdf,https://www.fifatrainingcentre.com/media/native/tournaments/fifa-world-cup/2026/PMSR-M97-FRA-V-MAR.pdf,Paired substitution times on the FIFA PMSR team-summary page.,344.5
97,Quarter-final,France,Morocco,90,7,Ousmane Dembele,10686.9,4170.1,3989.5,1568.1,804.4,154.9,133.0,44.0,29.3,38.0,29.0,76.0,2.0,3.0,3.0,10.0,5.0,50.0,1.0,1.0,0.0,4.0,1.0,38.0,3.0,5.0,2.0,2.0,18.0,8.0,10.0,4,0,0.0,0.0,3.0,31.0,2.0,0.0,2.0,1.0,4.0,29.0,19.0,0.0,1.0,Ousmane Dembele,FW,True,90.0,https://www.fifatrainingcentre.com/media/native/tournaments/fifa-world-cup/2026/PMSR-M97-FRA-V-MAR.pdf,https://www.fifatrainingcentre.com/media/native/tournaments/fifa-world-cup/2026/PMSR-M97-FRA-V-MAR.pdf,Paired substitution times on the FIFA PMSR team-summary page.,959.3
97,Quarter-final,France,Morocco,90,10,Kylian Mbappe,6991.6,3680.2,2178.3,662.7,267.3,203.0,60.0,23.0,35.1,31.0,26.0,84.0,0.0,1.0,0.0,10.0,6.0,60.0,8.0,6.0,2.0,4.0,1.0,48.0,7.0,16.0,1.0,2.0,19.0,3.0,21.0,0,0,1.0,0.0,1.0,19.0,0.0,0.0,0.0,0.0,0.0,21.0,10.0,0.0,1.0,Kylian Mbappe,FW,True,77.0,https://www.fifatrainingcentre.com/media/native/tournaments/fifa-world-cup/2026/PMSR-M97-FRA-V-MAR.pdf,https://www.fifatrainingcentre.com/media/native/tournaments/fifa-world-cup/2026/PMSR-M97-FRA-V-MAR.pdf,Paired substitution times on the FIFA PMSR team-summary page.,470.3
97,Quarter-final,France,Morocco,90,11,Michael Olise,11785.0,3854.2,4991.9,1767.0,859.6,312.3,156.0,58.0,30.2,49.0,41.0,84.0,0.0,1.0,1.0,16.0,12.0,75.0,13.0,9.0,4.0,3.0,0.0,48.0,16.0,15.0,1.0,3.0,9.0,4.0,22.0,3,0,3.0,0.0,3.0,35.0,0.0,0.0,1.0,0.0,6.0,29.0,14.0,0.0,1.0,Michael Olise,FW,True,90.0,https://www.fifatrainingcentre.com/media/native/tournaments/fifa-world-cup/2026/PMSR-M97-FRA-V-MAR.pdf,https://www.fifatrainingcentre.com/media/native/tournaments/fifa-world-cup/2026/PMSR-M97-FRA-V-MAR.pdf,Paired substitution times on the FIFA PMSR team-summary page.,1171.9
97,Quarter-final,France,Morocco,90,12,Bradley Barcola,2147.4,841.5,868.0,213.3,87.0,137.6,19.0,7.0,35.5,6.0,6.0,100.0,0.0,1.0,0.0,0.0,0.0,0.0,1.0,0.0,1.0,1.0,0.0,6.0,0.0,0.0,0.0,0.0,2.0,4.0,5.0,0,0,0.0,0.0,0.0,8.0,0.0,0.0,0.0,0.0,1.0,4.0,3.0,0.0,0.0,Bradley Barcola,FW,False,13.0,https://www.fifatrainingcentre.com/media/native/tournaments/fifa-world-cup/2026/PMSR-M97-FRA-V-MAR.pdf,https://www.fifatrainingcentre.com/media/native/tournaments/fifa-world-cup/2026/PMSR-M97-FRA-V-MAR.pdf,Paired substitution times on the FIFA PMSR team-summary page.,224.6
97,Quarter-final,France,Morocco,90,14,Adrien Rabiot,10766.5,4501.0,4429.5,1181.8,488.9,165.3,110.0,30.0,28.7,46.0,46.0,100.0,0.0,1.0,0.0,11.0,11.0,100.0,4.0,2.0,2.0,1.0,0.0,55.0,19.0,10.0,1.0,2.0,11.0,12.0,13.0,3,1,4.0,4.0,4.0,22.0,4.0,0.0,4.0,5.0,4.0,39.0,11.0,7.0,6.0,Adrien Rabiot,MF,True,90.0,https://www.fifatrainingcentre.com/media/native/tournaments/fifa-world-cup/2026/PMSR-M97-FRA-V-MAR.pdf,https://www.fifatrainingcentre.com/media/native/tournaments/fifa-world-cup/2026/PMSR-M97-FRA-V-MAR.pdf,Paired substitution times on the FIFA PMSR team-summary page.,654.2
97,Quarter-final,France,Morocco,90,16,Mike Maignan,5411.6,4073.7,1153.7,136.1,44.7,3.4,14.0,3.0,25.6,21.0,16.0,76.0,0.0,0.0,0.0,2.0,2.0,100.0,0.0,0.0,0.0,0.0,0.0,5.0,0.0,0.0,0.0,0.0,0.0,5.0,3.0,0,0,0.0,0.0,0.0,0.0,0.0,0.0,0.0,0.0,3.0,0.0,0.0,3.0,0.0,Mike Maignan,GK,True,90.0,https://www.fifatrainingcentre.com/media/native/tournaments/fifa-world-cup/2026/PMSR-M97-FRA-V-MAR.pdf,https://www.fifatrainingcentre.com/media/native/tournaments/fifa-world-cup/2026/PMSR-M97-FRA-V-MAR.pdf,Paired substitution times on the FIFA PMSR team-summary page.,48.1
97,Quarter-final,France,Morocco,90,17,William Saliba,8822.7,4446.2,3265.7,684.0,313.0,113.9,61.0,19.0,30.3,57.0,55.0,96.0,0.0,0.0,0.0,5.0,3.0,60.0,0.0,0.0,0.0,0.0,0.0,9.0,0.0,0.0,0.0,0.0,0.0,9.0,6.0,0,0,2.0,2.0,2.0,3.0,0.0,0.0,0.0,6.0,4.0,6.0,1.0,5.0,4.0,William Saliba,DF,True,90.0,https://www.fifatrainingcentre.com/media/native/tournaments/fifa-world-cup/2026/PMSR-M97-FRA-V-MAR.pdf,https://www.fifatrainingcentre.com/media/native/tournaments/fifa-world-cup/2026/PMSR-M97-FRA-V-MAR.pdf,Paired substitution times on the FIFA PMSR team-summary page.,426.9
97,Quarter-final,France,Morocco,90,18,Warren Zaire-emery,3061.8,863.9,1450.8,516.1,152.5,78.4,40.0,13.0,33.0,13.0,11.0,85.0,0.0,1.0,0.0,2.0,2.0,100.0,0.0,0.0,0.0,0.0,0.0,15.0,6.0,3.0,1.0,1.0,2.0,2.0,7.0,2,0,2.0,1.0,3.0,12.0,0.0,0.0,0.0,0.0,1.0,11.0,8.0,2.0,1.0,Warren Zaire-emery,MF,False,19.0,https://www.fifatrainingcentre.com/media/native/tournaments/fifa-world-cup/2026/PMSR-M97-FRA-V-MAR.pdf,https://www.fifatrainingcentre.com/media/native/tournaments/fifa-world-cup/2026/PMSR-M97-FRA-V-MAR.pdf,Paired substitution times on the FIFA PMSR team-summary page.,230.9
97,Quarter-final,France,Morocco,90,20,Desire Doue,8249.4,3413.0,3129.6,1026.6,467.2,213.1,86.0,39.0,30.3,38.0,33.0,87.0,0.0,1.0,1.0,11.0,10.0,91.0,10.0,9.0,1.0,3.0,0.0,32.0,8.0,2.0,2.0,4.0,5.0,11.0,16.0,3,2,4.0,0.0,5.0,32.0,1.0,0.0,1.0,0.0,5.0,34.0,21.0,3.0,3.0,Desire Doue,FW,True,77.0,https://www.fifatrainingcentre.com/media/native/tournaments/fifa-world-cup/2026/PMSR-M97-FRA-V-MAR.pdf,https://www.fifatrainingcentre.com/media/native/tournaments/fifa-world-cup/2026/PMSR-M97-FRA-V-MAR.pdf,Paired substitution times on the FIFA PMSR team-summary page.,680.3
97,Quarter-final,France,Morocco,90,22,Jean-philippe Mateta,2338.0,727.8,1099.3,286.3,120.3,104.3,22.0,9.0,30.3,0.0,0.0,0.0,0.0,0.0,0.0,0.0,0.0,0.0,1.0,1.0,0.0,2.0,0.0,11.0,0.0,4.0,0.0,0.0,7.0,0.0,1.0,0,0,1.0,0.0,0.0,10.0,1.0,0.0,1.0,0.0,0.0,7.0,2.0,0.0,1.0,Jean-philippe Mateta,FW,False,13.0,https://www.fifatrainingcentre.com/media/native/tournaments/fifa-world-cup/2026/PMSR-M97-FRA-V-MAR.pdf,https://www.fifatrainingcentre.com/media/native/tournaments/fifa-world-cup/2026/PMSR-M97-FRA-V-MAR.pdf,Paired substitution times on the FIFA PMSR team-summary page.,224.6
101,Semi-final,France,Spain,90,3,Lucas Digne,7855.8,3571.3,2645.1,1070.0,398.3,171.1,94.0,34.0,30.0,44.0,37.0,84.0,0.0,3.0,0.0,15.0,12.0,80.0,1.0,0.0,1.0,0.0,0.0,28.0,4.0,1.0,1.0,0.0,6.0,16.0,10.0,1,1,1.0,1.0,0.0,9.0,0.0,0.0,0.0,1.0,6.0,21.0,4.0,2.0,1.0,Lucas Digne,DF,True,72.0,https://www.fifatrainingcentre.com/media/native/tournaments/fifa-world-cup/2026/PMSR-M101-FRA-V-ESP.pdf,https://www.fifatrainingcentre.com/media/native/tournaments/fifa-world-cup/2026/PMSR-M101-FRA-V-ESP.pdf,Paired substitution times on the FIFA PMSR team-summary page.,569.4
101,Semi-final,France,Spain,90,4,Dayot Upamecano,10579.3,4196.2,4706.2,1103.0,414.0,160.0,89.0,34.0,30.4,56.0,50.0,89.0,0.0,0.0,0.0,18.0,17.0,94.0,0.0,0.0,0.0,0.0,0.0,20.0,8.0,1.0,0.0,0.0,0.0,11.0,9.0,1,0,5.0,0.0,0.0,7.0,3.0,0.0,4.0,2.0,11.0,12.0,3.0,3.0,4.0,Dayot Upamecano,DF,True,90.0,https://www.fifatrainingcentre.com/media/native/tournaments/fifa-world-cup/2026/PMSR-M101-FRA-V-ESP.pdf,https://www.fifatrainingcentre.com/media/native/tournaments/fifa-world-cup/2026/PMSR-M101-FRA-V-ESP.pdf,Paired substitution times on the FIFA PMSR team-summary page.,574.0
101,Semi-final,France,Spain,90,5,Jules Kounde,10876.4,3887.1,4647.9,1526.5,696.0,119.0,137.0,59.0,30.7,42.0,32.0,76.0,0.0,2.0,1.0,22.0,16.0,73.0,1.0,0.0,1.0,0.0,0.0,18.0,5.0,0.0,3.0,0.0,6.0,4.0,5.0,2,1,5.0,3.0,4.0,23.0,1.0,0.0,1.0,1.0,6.0,23.0,11.0,7.0,3.0,Jules Kounde,DF,True,90.0,https://www.fifatrainingcentre.com/media/native/tournaments/fifa-world-cup/2026/PMSR-M101-FRA-V-ESP.pdf,https://www.fifatrainingcentre.com/media/native/tournaments/fifa-world-cup/2026/PMSR-M101-FRA-V-ESP.pdf,Paired substitution times on the FIFA PMSR team-summary page.,815.0
101,Semi-final,France,Spain,90,6,Manu Kone,6041.4,1777.1,2662.7,1339.2,235.5,27.0,107.0,14.0,30.3,28.0,24.0,86.0,1.0,1.0,0.0,6.0,4.0,67.0,2.0,1.0,1.0,0.0,0.0,20.0,7.0,12.0,0.0,0.0,0.0,1.0,10.0,2,1,0.0,1.0,5.0,16.0,0.0,0.0,0.0,0.0,3.0,26.0,7.0,2.0,0.0,Manu Kone,MF,False,45.0,https://www.fifatrainingcentre.com/media/native/tournaments/fifa-world-cup/2026/PMSR-M101-FRA-V-ESP.pdf,https://www.fifatrainingcentre.com/media/native/tournaments/fifa-world-cup/2026/PMSR-M101-FRA-V-ESP.pdf,Paired substitution times on the FIFA PMSR team-summary page.,262.5
101,Semi-final,France,Spain,90,7,Ousmane Dembele,11375.2,4156.5,4376.9,1787.0,910.7,144.1,140.0,57.0,29.9,30.0,22.0,73.0,1.0,6.0,1.0,9.0,4.0,44.0,2.0,1.0,1.0,2.0,0.0,21.0,3.0,6.0,1.0,1.0,7.0,3.0,10.0,1,0,0.0,0.0,4.0,50.0,0.0,0.0,0.0,0.0,2.0,34.0,21.0,0.0,0.0,Ousmane Dembele,FW,True,90.0,https://www.fifatrainingcentre.com/media/native/tournaments/fifa-world-cup/2026/PMSR-M101-FRA-V-ESP.pdf,https://www.fifatrainingcentre.com/media/native/tournaments/fifa-world-cup/2026/PMSR-M101-FRA-V-ESP.pdf,Paired substitution times on the FIFA PMSR team-summary page.,1054.8
101,Semi-final,France,Spain,90,8,Aurelien Tchouameni,11522.4,3765.9,5006.0,2092.2,571.1,87.2,175.0,41.0,28.8,59.0,52.0,88.0,0.0,1.0,0.0,16.0,11.0,69.0,0.0,0.0,0.0,1.0,0.0,50.0,24.0,11.0,0.0,1.0,0.0,14.0,15.0,5,2,3.0,2.0,6.0,15.0,2.0,0.0,3.0,2.0,8.0,44.0,7.0,10.0,0.0,Aurelien Tchouameni,MF,True,90.0,https://www.fifatrainingcentre.com/media/native/tournaments/fifa-world-cup/2026/PMSR-M101-FRA-V-ESP.pdf,https://www.fifatrainingcentre.com/media/native/tournaments/fifa-world-cup/2026/PMSR-M101-FRA-V-ESP.pdf,Paired substitution times on the FIFA PMSR team-summary page.,658.3000000000001
101,Semi-final,France,Spain,90,10,Kylian Mbappe,8738.3,4438.9,2827.7,772.4,397.8,301.6,63.0,40.0,35.3,15.0,12.0,80.0,0.0,2.0,0.0,6.0,5.0,83.0,9.0,8.0,1.0,3.0,0.0,39.0,1.0,13.0,0.0,3.0,19.0,3.0,13.0,0,0,2.0,0.0,2.0,16.0,0.0,0.0,0.0,0.0,2.0,20.0,9.0,0.0,2.0,Kylian Mbappe,FW,True,90.0,https://www.fifatrainingcentre.com/media/native/tournaments/fifa-world-cup/2026/PMSR-M101-FRA-V-ESP.pdf,https://www.fifatrainingcentre.com/media/native/tournaments/fifa-world-cup/2026/PMSR-M101-FRA-V-ESP.pdf,Paired substitution times on the FIFA PMSR team-summary page.,699.4000000000001
101,Semi-final,France,Spain,90,11,Michael Olise,8741.0,2725.4,3743.7,1527.2,605.4,139.3,129.0,39.0,28.4,36.0,28.0,78.0,1.0,4.0,1.0,11.0,6.0,55.0,5.0,5.0,0.0,0.0,0.0,33.0,4.0,14.0,2.0,1.0,5.0,7.0,15.0,4,2,1.0,0.0,4.0,39.0,0.0,0.0,1.0,0.0,4.0,20.0,10.0,2.0,2.0,Michael Olise,FW,True,73.0,https://www.fifatrainingcentre.com/media/native/tournaments/fifa-world-cup/2026/PMSR-M101-FRA-V-ESP.pdf,https://www.fifatrainingcentre.com/media/native/tournaments/fifa-world-cup/2026/PMSR-M101-FRA-V-ESP.pdf,Paired substitution times on the FIFA PMSR team-summary page.,744.7
101,Semi-final,France,Spain,90,12,Bradley Barcola,6120.8,2669.1,2273.4,644.7,325.5,208.2,52.0,29.0,33.9,14.0,12.0,86.0,0.0,1.0,0.0,5.0,3.0,60.0,4.0,4.0,0.0,1.0,0.0,19.0,0.0,1.0,1.0,0.0,15.0,2.0,2.0,0,0,2.0,1.0,4.0,18.0,1.0,0.0,1.0,0.0,0.0,17.0,8.0,1.0,2.0,Bradley Barcola,FW,True,57.0,https://www.fifatrainingcentre.com/media/native/tournaments/fifa-world-cup/2026/PMSR-M101-FRA-V-ESP.pdf,https://www.fifatrainingcentre.com/media/native/tournaments/fifa-world-cup/2026/PMSR-M101-FRA-V-ESP.pdf,Paired substitution times on the FIFA PMSR team-summary page.,533.7
101,Semi-final,France,Spain,90,14,Adrien Rabiot,5258.3,2206.9,1908.5,779.4,285.0,78.4,67.0,26.0,29.3,21.0,15.0,71.0,0.0,0.0,0.0,6.0,4.0,67.0,1.0,0.0,1.0,1.0,0.0,13.0,2.0,7.0,0.0,1.0,3.0,0.0,1.0,9,4,1.0,2.0,7.0,10.0,2.0,0.0,2.0,1.0,7.0,14.0,8.0,5.0,4.0,Adrien Rabiot,MF,True,45.0,https://www.fifatrainingcentre.com/media/native/tournaments/fifa-world-cup/2026/PMSR-M101-FRA-V-ESP.pdf,https://www.fifatrainingcentre.com/media/native/tournaments/fifa-world-cup/2026/PMSR-M101-FRA-V-ESP.pdf,Paired substitution times on the FIFA PMSR team-summary page.,363.4
101,Semi-final,France,Spain,90,16,Mike Maignan,6102.6,4279.2,1589.9,201.0,32.5,0.0,22.0,4.0,25.0,41.0,34.0,83.0,0.0,0.0,0.0,12.0,6.0,50.0,0.0,0.0,0.0,0.0,0.0,14.0,0.0,0.0,0.0,0.0,0.0,14.0,7.0,0,0,0.0,1.0,0.0,0.0,0.0,0.0,0.0,0.0,5.0,0.0,0.0,5.0,0.0,Mike Maignan,GK,True,90.0,https://www.fifatrainingcentre.com/media/native/tournaments/fifa-world-cup/2026/PMSR-M101-FRA-V-ESP.pdf,https://www.fifatrainingcentre.com/media/native/tournaments/fifa-world-cup/2026/PMSR-M101-FRA-V-ESP.pdf,Paired substitution times on the FIFA PMSR team-summary page.,32.5
101,Semi-final,France,Spain,90,17,William Saliba,2403.6,1051.5,897.4,377.5,72.2,4.9,31.0,7.0,26.3,10.0,10.0,100.0,0.0,0.0,0.0,0.0,0.0,0.0,0.0,0.0,0.0,0.0,0.0,4.0,0.0,0.0,0.0,0.0,0.0,4.0,2.0,0,0,0.0,0.0,0.0,0.0,0.0,0.0,0.0,0.0,0.0,1.0,0.0,1.0,0.0,William Saliba,DF,True,30.0,https://www.fifatrainingcentre.com/media/native/tournaments/fifa-world-cup/2026/PMSR-M101-FRA-V-ESP.pdf,https://www.fifatrainingcentre.com/media/native/tournaments/fifa-world-cup/2026/PMSR-M101-FRA-V-ESP.pdf,Paired substitution times on the FIFA PMSR team-summary page.,77.10000000000001
101,Semi-final,France,Spain,90,19,Theo Hernandez,2701.5,1039.1,992.3,351.7,201.1,117.2,27.0,16.0,33.0,14.0,13.0,93.0,0.0,1.0,0.0,3.0,3.0,100.0,0.0,0.0,0.0,0.0,0.0,14.0,2.0,1.0,0.0,0.0,5.0,6.0,5.0,0,0,0.0,1.0,3.0,4.0,0.0,0.0,0.0,1.0,2.0,8.0,5.0,2.0,1.0,Theo Hernandez,DF,False,18.0,https://www.fifatrainingcentre.com/media/native/tournaments/fifa-world-cup/2026/PMSR-M101-FRA-V-ESP.pdf,https://www.fifatrainingcentre.com/media/native/tournaments/fifa-world-cup/2026/PMSR-M101-FRA-V-ESP.pdf,Paired substitution times on the FIFA PMSR team-summary page.,318.3
101,Semi-final,France,Spain,90,20,Desire Doue,4449.1,1476.4,1802.2,814.5,294.7,61.3,59.0,24.0,27.9,17.0,14.0,82.0,1.0,1.0,0.0,7.0,3.0,43.0,6.0,3.0,3.0,2.0,0.0,16.0,2.0,1.0,1.0,0.0,6.0,6.0,4.0,3,1,1.0,0.0,2.0,24.0,0.0,0.0,0.0,0.0,1.0,15.0,13.0,2.0,0.0,Desire Doue,FW,False,33.0,https://www.fifatrainingcentre.com/media/native/tournaments/fifa-world-cup/2026/PMSR-M101-FRA-V-ESP.pdf,https://www.fifatrainingcentre.com/media/native/tournaments/fifa-world-cup/2026/PMSR-M101-FRA-V-ESP.pdf,Paired substitution times on the FIFA PMSR team-summary page.,356.0
101,Semi-final,France,Spain,90,24,Rayan Cherki,3263.7,986.0,1325.2,606.1,289.5,56.8,51.0,21.0,27.2,19.0,14.0,74.0,0.0,0.0,0.0,4.0,2.0,50.0,0.0,0.0,0.0,0.0,0.0,15.0,3.0,3.0,0.0,3.0,1.0,5.0,2.0,0,0,0.0,0.0,1.0,12.0,0.0,0.0,0.0,0.0,4.0,7.0,7.0,0.0,0.0,Rayan Cherki,MF,False,17.0,https://www.fifatrainingcentre.com/media/native/tournaments/fifa-world-cup/2026/PMSR-M101-FRA-V-ESP.pdf,https://www.fifatrainingcentre.com/media/native/tournaments/fifa-world-cup/2026/PMSR-M101-FRA-V-ESP.pdf,Paired substitution times on the FIFA PMSR team-summary page.,346.3
101,Semi-final,France,Spain,90,26,Maxence Lacroix,7949.8,3003.1,3434.2,1047.6,381.0,83.9,96.0,27.0,31.7,50.0,48.0,96.0,1.0,0.0,0.0,17.0,15.0,88.0,1.0,0.0,1.0,0.0,0.0,5.0,1.0,0.0,0.0,0.0,1.0,3.0,4.0,2,0,1.0,2.0,5.0,8.0,4.0,0.0,4.0,2.0,3.0,20.0,8.0,8.0,1.0,Maxence Lacroix,DF,False,60.0,https://www.fifatrainingcentre.com/media/native/tournaments/fifa-world-cup/2026/PMSR-M101-FRA-V-ESP.pdf,https://www.fifatrainingcentre.com/media/native/tournaments/fifa-world-cup/2026/PMSR-M101-FRA-V-ESP.pdf,Paired substitution times on the FIFA PMSR team-summary page.,464.9
103,Third-place,France,England,90,2,Malo Gusto,9555.2,3483.0,3569.3,1304.2,731.2,467.6,111.0,56.0,33.5,44.0,38.0,86.0,0.0,3.0,1.0,11.0,9.0,82.0,2.0,1.0,1.0,0.0,0.0,28.0,3.0,0.0,0.0,0.0,17.0,8.0,13.0,8,1,5.0,1.0,8.0,14.0,0.0,0.0,0.0,1.0,6.0,35.0,7.0,4.0,3.0,Malo Gusto,DF,True,90.0,https://www.fifatrainingcentre.com/media/native/tournaments/fifa-world-cup/2026/PMSR-M103-FRA-V-ENG.pdf,https://www.fifatrainingcentre.com/media/native/tournaments/fifa-world-cup/2026/PMSR-M103-FRA-V-ENG.pdf,Paired substitution times on the FIFA PMSR team-summary page.,1198.8000000000002
103,Third-place,France,England,90,3,Lucas Digne,5248.3,2347.6,1601.0,910.2,303.3,86.1,79.0,24.0,29.7,16.0,15.0,94.0,0.0,1.0,0.0,5.0,5.0,100.0,2.0,0.0,2.0,0.0,0.0,9.0,4.0,0.0,0.0,0.0,5.0,0.0,3.0,1,0,0.0,1.0,6.0,1.0,4.0,0.0,4.0,2.0,2.0,5.0,2.0,4.0,1.0,Lucas Digne,DF,False,45.0,https://www.fifatrainingcentre.com/media/native/tournaments/fifa-world-cup/2026/PMSR-M103-FRA-V-ENG.pdf,https://www.fifatrainingcentre.com/media/native/tournaments/fifa-world-cup/2026/PMSR-M103-FRA-V-ENG.pdf,Paired substitution times on the FIFA PMSR team-summary page.,389.4
103,Third-place,France,England,90,4,Dayot Upamecano,5090.2,2222.0,1780.8,604.1,279.6,203.7,49.0,20.0,33.4,14.0,13.0,93.0,0.0,0.0,0.0,6.0,6.0,100.0,0.0,0.0,0.0,1.0,0.0,7.0,3.0,0.0,0.0,0.0,1.0,3.0,3.0,4,1,3.0,2.0,6.0,13.0,0.0,1.0,1.0,0.0,3.0,14.0,6.0,3.0,2.0,Dayot Upamecano,DF,False,45.0,https://www.fifatrainingcentre.com/media/native/tournaments/fifa-world-cup/2026/PMSR-M103-FRA-V-ENG.pdf,https://www.fifatrainingcentre.com/media/native/tournaments/fifa-world-cup/2026/PMSR-M103-FRA-V-ENG.pdf,Paired substitution times on the FIFA PMSR team-summary page.,483.3
103,Third-place,France,England,90,5,Jules Kounde,1008.9,270.1,293.1,166.6,160.1,118.9,15.0,10.0,28.5,4.0,4.0,100.0,0.0,0.0,0.0,3.0,3.0,100.0,0.0,0.0,0.0,0.0,0.0,3.0,1.0,0.0,0.0,0.0,1.0,1.0,2.0,0,0,0.0,0.0,1.0,1.0,0.0,0.0,0.0,1.0,1.0,4.0,2.0,1.0,0.0,Jules Kounde,DF,False,0.0,https://www.fifatrainingcentre.com/media/native/tournaments/fifa-world-cup/2026/PMSR-M103-FRA-V-ENG.pdf,https://www.fifatrainingcentre.com/media/native/tournaments/fifa-world-cup/2026/PMSR-M103-FRA-V-ENG.pdf,Paired substitution times on the FIFA PMSR team-summary page.,279.0
103,Third-place,France,England,90,7,Ousmane Dembele,5203.9,1991.2,1826.4,834.1,389.3,162.8,67.0,26.0,30.5,29.0,22.0,76.0,0.0,1.0,0.0,7.0,4.0,57.0,1.0,0.0,1.0,2.0,1.0,14.0,3.0,2.0,0.0,1.0,6.0,2.0,9.0,2,0,0.0,0.0,3.0,16.0,0.0,0.0,0.0,0.0,2.0,6.0,6.0,1.0,0.0,Ousmane Dembele,FW,False,45.0,https://www.fifatrainingcentre.com/media/native/tournaments/fifa-world-cup/2026/PMSR-M103-FRA-V-ENG.pdf,https://www.fifatrainingcentre.com/media/native/tournaments/fifa-world-cup/2026/PMSR-M103-FRA-V-ENG.pdf,Paired substitution times on the FIFA PMSR team-summary page.,552.1
103,Third-place,France,England,90,10,Kylian Mbappe,8287.4,4398.7,2444.1,908.4,344.9,191.4,70.0,27.0,36.0,33.0,28.0,85.0,3.0,1.0,0.0,15.0,13.0,87.0,14.0,13.0,1.0,8.0,2.0,73.0,20.0,22.0,2.0,4.0,22.0,3.0,31.0,1,0,0.0,0.0,2.0,24.0,0.0,1.0,1.0,0.0,3.0,21.0,16.0,0.0,0.0,Kylian Mbappe,FW,True,90.0,https://www.fifatrainingcentre.com/media/native/tournaments/fifa-world-cup/2026/PMSR-M103-FRA-V-ENG.pdf,https://www.fifatrainingcentre.com/media/native/tournaments/fifa-world-cup/2026/PMSR-M103-FRA-V-ENG.pdf,Paired substitution times on the FIFA PMSR team-summary page.,536.3
103,Third-place,France,England,90,11,Michael Olise,11452.4,3892.0,4900.4,1620.5,636.3,403.2,137.0,50.0,33.0,57.0,51.0,89.0,1.0,0.0,0.0,12.0,9.0,75.0,6.0,3.0,3.0,3.0,0.0,53.0,11.0,10.0,2.0,3.0,17.0,10.0,27.0,7,3,2.0,0.0,11.0,43.0,0.0,0.0,0.0,0.0,6.0,34.0,22.0,3.0,3.0,Michael Olise,FW,True,90.0,https://www.fifatrainingcentre.com/media/native/tournaments/fifa-world-cup/2026/PMSR-M103-FRA-V-ENG.pdf,https://www.fifatrainingcentre.com/media/native/tournaments/fifa-world-cup/2026/PMSR-M103-FRA-V-ENG.pdf,Paired substitution times on the FIFA PMSR team-summary page.,1039.5
103,Third-place,France,England,90,12,Bradley Barcola,4946.2,1916.1,1938.2,639.1,313.2,139.7,50.0,21.0,34.7,12.0,12.0,100.0,0.0,0.0,0.0,3.0,3.0,100.0,2.0,2.0,0.0,2.0,1.0,11.0,0.0,2.0,1.0,0.0,7.0,1.0,2.0,6,1,1.0,0.0,8.0,9.0,0.0,0.0,0.0,0.0,3.0,7.0,4.0,1.0,1.0,Bradley Barcola,FW,False,45.0,https://www.fifatrainingcentre.com/media/native/tournaments/fifa-world-cup/2026/PMSR-M103-FRA-V-ENG.pdf,https://www.fifatrainingcentre.com/media/native/tournaments/fifa-world-cup/2026/PMSR-M103-FRA-V-ENG.pdf,Paired substitution times on the FIFA PMSR team-summary page.,452.9
103,Third-place,France,England,90,14,Adrien Rabiot,10634.2,4382.7,4295.3,1433.4,471.8,51.1,120.0,34.0,27.3,40.0,37.0,92.0,0.0,0.0,0.0,14.0,13.0,93.0,3.0,1.0,2.0,1.0,0.0,37.0,13.0,11.0,0.0,1.0,10.0,2.0,12.0,6,0,5.0,0.0,9.0,23.0,0.0,0.0,1.0,2.0,8.0,37.0,13.0,3.0,5.0,Adrien Rabiot,MF,True,90.0,https://www.fifatrainingcentre.com/media/native/tournaments/fifa-world-cup/2026/PMSR-M103-FRA-V-ENG.pdf,https://www.fifatrainingcentre.com/media/native/tournaments/fifa-world-cup/2026/PMSR-M103-FRA-V-ENG.pdf,Paired substitution times on the FIFA PMSR team-summary page.,522.9
103,Third-place,France,England,90,15,Ibrahima Konate,4496.1,2151.2,1446.8,487.0,267.0,144.1,39.0,20.0,30.6,23.0,22.0,96.0,0.0,0.0,0.0,7.0,7.0,100.0,0.0,0.0,0.0,0.0,0.0,6.0,0.0,0.0,0.0,0.0,0.0,6.0,5.0,1,0,2.0,1.0,3.0,7.0,0.0,0.0,0.0,1.0,0.0,13.0,4.0,2.0,3.0,Ibrahima Konate,DF,True,45.0,https://www.fifatrainingcentre.com/media/native/tournaments/fifa-world-cup/2026/PMSR-M103-FRA-V-ENG.pdf,https://www.fifatrainingcentre.com/media/native/tournaments/fifa-world-cup/2026/PMSR-M103-FRA-V-ENG.pdf,Paired substitution times on the FIFA PMSR team-summary page.,411.1
103,Third-place,France,England,90,16,Mike Maignan,4962.4,3790.7,1010.1,136.3,25.3,0.0,13.0,2.0,23.9,15.0,15.0,100.0,0.0,0.0,0.0,2.0,2.0,100.0,0.0,0.0,0.0,0.0,0.0,2.0,0.0,0.0,0.0,0.0,0.0,2.0,0.0,0,0,0.0,0.0,0.0,0.0,0.0,0.0,0.0,0.0,4.0,0.0,0.0,4.0,0.0,Mike Maignan,GK,True,90.0,https://www.fifatrainingcentre.com/media/native/tournaments/fifa-world-cup/2026/PMSR-M103-FRA-V-ENG.pdf,https://www.fifatrainingcentre.com/media/native/tournaments/fifa-world-cup/2026/PMSR-M103-FRA-V-ENG.pdf,Paired substitution times on the FIFA PMSR team-summary page.,25.3
103,Third-place,France,England,90,18,Warren Zaire-emery,10979.5,3933.9,4506.6,1771.4,627.7,139.9,142.0,50.0,28.9,57.0,55.0,96.0,0.0,0.0,0.0,13.0,12.0,92.0,0.0,0.0,0.0,1.0,0.0,26.0,15.0,7.0,1.0,0.0,1.0,2.0,13.0,2,0,0.0,1.0,11.0,23.0,1.0,0.0,1.0,0.0,7.0,39.0,15.0,1.0,0.0,Warren Zaire-emery,MF,True,90.0,https://www.fifatrainingcentre.com/media/native/tournaments/fifa-world-cup/2026/PMSR-M103-FRA-V-ENG.pdf,https://www.fifatrainingcentre.com/media/native/tournaments/fifa-world-cup/2026/PMSR-M103-FRA-V-ENG.pdf,Paired substitution times on the FIFA PMSR team-summary page.,767.6
103,Third-place,France,England,90,19,Theo Hernandez,4654.0,2112.3,1394.9,518.7,335.6,292.6,40.0,26.0,36.2,26.0,22.0,85.0,0.0,1.0,0.0,7.0,5.0,71.0,1.0,0.0,1.0,0.0,0.0,11.0,4.0,0.0,1.0,0.0,4.0,2.0,6.0,0,0,3.0,1.0,1.0,8.0,0.0,0.0,0.0,0.0,3.0,10.0,5.0,3.0,0.0,Theo Hernandez,DF,True,45.0,https://www.fifatrainingcentre.com/media/native/tournaments/fifa-world-cup/2026/PMSR-M103-FRA-V-ENG.pdf,https://www.fifatrainingcentre.com/media/native/tournaments/fifa-world-cup/2026/PMSR-M103-FRA-V-ENG.pdf,Paired substitution times on the FIFA PMSR team-summary page.,628.2
103,Third-place,France,England,90,20,Desire Doue,5863.9,2126.0,2072.4,977.8,502.7,185.1,83.0,41.0,32.3,21.0,19.0,90.0,1.0,0.0,0.0,5.0,5.0,100.0,4.0,4.0,0.0,0.0,0.0,38.0,9.0,7.0,2.0,3.0,11.0,6.0,10.0,1,0,2.0,0.0,1.0,28.0,0.0,0.0,0.0,0.0,1.0,20.0,14.0,0.0,1.0,Desire Doue,FW,True,45.0,https://www.fifatrainingcentre.com/media/native/tournaments/fifa-world-cup/2026/PMSR-M103-FRA-V-ENG.pdf,https://www.fifatrainingcentre.com/media/native/tournaments/fifa-world-cup/2026/PMSR-M103-FRA-V-ENG.pdf,Paired substitution times on the FIFA PMSR team-summary page.,687.8
103,Third-place,France,England,90,24,Rayan Cherki,5747.6,1937.6,2543.0,879.4,296.8,90.8,70.0,22.0,29.2,28.0,25.0,89.0,0.0,1.0,0.0,6.0,5.0,83.0,0.0,0.0,0.0,1.0,0.0,11.0,3.0,3.0,0.0,0.0,5.0,0.0,4.0,0,0,1.0,0.0,0.0,43.0,0.0,0.0,0.0,0.0,5.0,31.0,27.0,1.0,0.0,Rayan Cherki,MF,True,45.0,https://www.fifatrainingcentre.com/media/native/tournaments/fifa-world-cup/2026/PMSR-M103-FRA-V-ENG.pdf,https://www.fifatrainingcentre.com/media/native/tournaments/fifa-world-cup/2026/PMSR-M103-FRA-V-ENG.pdf,Paired substitution times on the FIFA PMSR team-summary page.,387.6
103,Third-place,France,England,90,26,Maxence Lacroix,9192.4,4104.8,3248.7,1094.2,443.5,301.1,94.0,40.0,33.7,34.0,34.0,100.0,0.0,0.0,0.0,4.0,4.0,100.0,1.0,0.0,1.0,0.0,0.0,11.0,4.0,0.0,0.0,0.0,0.0,7.0,7.0,4,1,6.0,0.0,5.0,7.0,4.0,0.0,4.0,2.0,1.0,28.0,5.0,6.0,5.0,Maxence Lacroix,DF,True,90.0,https://www.fifatrainingcentre.com/media/native/tournaments/fifa-world-cup/2026/PMSR-M103-FRA-V-ENG.pdf,https://www.fifatrainingcentre.com/media/native/tournaments/fifa-world-cup/2026/PMSR-M103-FRA-V-ENG.pdf,Paired substitution times on the FIFA PMSR team-summary page.,744.6
